0	24973
1	59062
2	63332
3	68753
4	54791
5	35678
6	30226
7	37471
8	39020
9	57357
10	37781
11	48710
12	40092
13	43939
14	64223
15	33095
16	50769
17	68897
18	30099
19	41694
20	42785
21	66563
22	57167
23	71341
24	47710
25	64220
26	40104
27	27171
28	53016
29	53017
30	74637
31	26414
32	53512
33	53513
34	53514
35	38304
36	55339
37	66555
38	27844
39	38630
40	57629
41	38181
42	46950
43	45670
44	36525
45	41706
46	47239
47	25518
48	30427
49	40150
50	58616
51	35307
52	68785
53	31846
54	34358
55	37826
56	32567
57	37094
58	48330
59	42768
60	35096
61	60889
62	29951
63	35999
64	26752
65	28663
66	54792
67	47333
68	29643
69	45999
70	24656
71	56351
72	34785
73	53583
74	44298
75	26331
76	68353
77	42478
78	61761
79	44672
80	30768
81	39805
82	26332
83	69861
84	60551
85	62828
86	30878
87	73171
88	70740
89	33723
90	57172
91	45916
92	64879
93	52142
94	42907
95	52951
96	70323
97	26333
98	40712
99	40713
100	40714
101	40715
102	40716
103	40717
104	40718
105	40719
106	37888
107	28630
108	45934
109	28631
110	63871
111	38529
112	65934
113	41699
114	30227
115	26753
116	51357
117	39725
118	74598
119	62588
120	70701
121	55267
122	65717
123	62443
124	73701
125	74599
126	55720
127	56431
128	31066
129	44572
130	44573
131	44574
132	44575
133	65718
134	67267
135	56747
136	44826
137	47716
138	24657
139	74391
140	47607
141	31950
142	64880
143	36882
144	61162
145	44535
146	64694
147	64769
148	33521
149	64422
150	36377
151	24970
152	58733
153	55410
154	24932
155	26417
156	45434
157	37343
158	55346
159	58734
160	47274
161	43422
162	37689
163	38977
164	65644
165	60740
166	73703
167	29247
168	47732
169	36378
170	74004
171	48266
172	69846
173	62084
174	35922
175	59808
176	49738
177	45622
178	35609
179	40247
180	37827
181	69423
182	73880
183	37472
184	53092
185	37358
186	31951
187	59582
188	56352
189	36842
190	46411
191	24974
192	52483
193	29442
194	33017
195	36843
196	35987
197	36982
198	43089
199	35097
200	66189
201	47275
202	27447
203	69945
204	66291
205	24835
206	50445
207	58032
208	31801
209	45616
210	26754
211	29870
212	70242
213	61048
214	31697
215	41740
216	30834
217	31932
218	49693
219	39204
220	38947
221	47577
222	72006
223	52952
224	46989
225	38587
226	63894
227	57080
228	46229
229	52484
230	28361
231	47649
232	67273
233	61018
234	74461
235	36364
236	47608
237	53850
238	63872
239	56914
240	56915
241	59319
242	31952
243	35027
244	62251
245	33762
246	70741
247	44973
248	53373
249	38631
250	59468
251	70841
252	30483
253	32424
254	33714
255	67638
256	31067
257	58726
258	72007
259	35098
260	39254
261	36844
262	62859
263	26755
264	67790
265	30554
266	58735
267	41518
268	53864
269	41399
270	38305
271	24249
272	70324
273	45917
274	57427
275	59701
276	37567
277	37568
278	67924
279	56790
280	25156
281	44805
282	41742
283	54488
284	25066
285	62338
286	38243
287	24658
288	47217
289	54258
290	67179
291	31289
292	28253
293	25719
294	72580
295	55406
296	44694
297	44695
298	50002
299	71752
300	26756
301	42927
302	37247
303	33321
304	36143
305	64695
306	34580
307	33134
308	26314
309	64792
310	46047
311	64224
312	46109
313	31035
314	33282
315	60852
316	46615
317	36883
318	70644
319	35615
320	38197
321	25373
322	50770
323	35721
324	31278
325	69868
326	56764
327	24659
328	73235
329	43544
330	52345
331	29922
332	29923
333	29924
334	64390
335	41667
336	59262
337	31078
338	41519
339	47733
340	27200
341	36473
342	37828
343	35050
344	68446
345	49615
346	34334
347	42467
348	42468
349	52078
350	40199
351	44536
352	46554
353	40766
354	31953
355	57659
356	54256
357	49177
358	49178
359	42262
360	48134
361	42337
362	59431
363	33715
364	37705
365	29925
366	46956
367	37130
368	48563
369	56525
370	31698
371	28011
372	49598
373	25634
374	28565
375	55166
376	25474
377	33283
378	49179
379	30769
380	62207
381	36389
382	52054
383	64530
384	49161
385	47830
386	30228
387	43369
388	71583
389	45123
390	54312
391	60919
392	26048
393	38306
394	37410
395	45614
396	73848
397	36375
398	43506
399	31371
400	31079
401	49142
402	38425
403	26541
404	58503
405	55571
406	36569
407	54175
408	29555
409	58271
410	40271
411	40122
412	32125
413	38540
414	33687
415	41063
416	33450
417	66493
418	53847
419	53848
420	32908
421	51992
422	26533
423	67682
424	57195
425	28522
426	47874
427	43057
428	57196
429	24310
430	32297
431	36474
432	51004
433	66451
434	58524
435	64953
436	27172
437	26757
438	46616
439	40200
440	74486
441	50771
442	66305
443	46048
444	43085
445	34252
446	32503
447	25000
448	72051
449	44194
450	47276
451	38426
452	29333
453	39931
454	27227
455	73885
456	50868
457	50659
458	31618
459	30484
460	24966
461	55361
462	35051
463	43823
464	36594
465	39106
466	26231
467	47572
468	32948
469	37038
470	47334
471	26758
472	72008
473	64008
474	67854
475	26759
476	73887
477	59579
478	56234
479	47016
480	27327
481	34581
482	58680
483	60643
484	27328
485	40886
486	28492
487	46399
488	39726
489	48689
490	24660
491	30899
492	47024
493	36784
494	30136
495	26676
496	61329
497	29644
498	58272
499	71711
500	55779
501	53151
502	37829
503	73670
504	55023
505	48085
506	73636
507	64696
508	39806
509	64423
510	40201
511	61770
512	37359
513	39425
514	36475
515	70903
516	43599
517	56673
518	58177
519	32666
520	60419
521	36476
522	31068
523	52485
524	25436
525	31007
526	50127
527	33259
528	29323
529	32504
530	28254
531	51535
532	32111
533	30193
534	72009
535	31764
536	59693
537	35036
538	64351
539	39966
540	39967
541	35803
542	47734
543	67116
544	35414
545	42122
546	32139
547	36200
548	53018
549	52994
550	51191
551	26542
552	39807
553	37344
554	56436
555	43327
556	62339
557	28994
558	26640
559	53264
560	57446
561	38494
562	31069
563	42308
564	32505
565	35278
566	30485
567	47735
568	34016
569	30982
570	47875
571	54561
572	51609
573	56156
574	47736
575	35804
576	34138
577	48248
578	41707
579	47854
580	50084
581	54961
582	30486
583	38993
584	45234
585	33213
586	63943
587	64272
588	48630
589	40045
590	43779
591	47737
592	38736
593	29556
594	26760
595	53005
596	50227
597	31554
598	49845
599	29746
600	29645
601	45429
602	42489
603	41064
604	51993
605	24661
606	52802
607	69947
608	67950
609	27329
610	26761
611	58662
612	34253
613	51548
614	49180
615	34994
616	59380
617	46543
618	74005
619	27429
620	26049
621	73236
622	35991
623	74289
624	54236
625	49005
626	32153
627	33385
628	39968
629	60447
630	36884
631	73890
632	32949
633	38632
634	73891
635	39146
636	67865
637	25265
638	32611
639	55182
640	30487
641	62846
642	73383
643	68770
644	58273
645	59307
646	31080
647	42044
648	63133
649	59381
650	46096
651	55498
652	70648
653	42582
654	55844
655	37131
656	58144
657	43069
658	64240
659	41065
660	28929
661	54793
662	68468
663	33241
664	58525
665	45747
666	74311
667	37830
668	68130
669	68131
670	52059
671	52060
672	52124
673	32821
674	28962
675	31350
676	55729
677	40767
678	59432
679	63464
680	32298
681	51664
682	57630
683	29588
684	33567
685	56394
686	72581
687	38481
688	26620
689	51665
690	40284
691	29298
692	38532
693	64196
694	25279
695	73758
696	36390
697	50947
698	40853
699	50684
700	38052
701	46663
702	35847
703	25817
704	27330
705	68791
706	36885
707	70219
708	25067
709	44310
710	38633
711	58940
712	47277
713	49101
714	54433
715	36744
716	74319
717	60741
718	27201
719	66190
720	58736
721	40071
722	60289
723	65745
724	53756
725	68135
726	68136
727	29557
728	47124
729	68137
730	52038
731	52039
732	52040
733	60920
734	48373
735	31351
736	49162
737	31352
738	39490
739	73312
740	29558
741	68140
742	32568
743	25589
744	39491
745	53084
746	46412
747	43123
748	34359
749	24406
750	47650
751	26762
752	33540
753	29121
754	67275
755	36477
756	36145
757	26007
758	47868
759	70989
760	52139
761	28566
762	53152
763	54664
764	47876
765	57391
766	39572
767	48436
768	25220
769	48278
770	51745
771	39492
772	41573
773	61953
774	42858
775	37658
776	67181
777	38994
778	37946
779	55382
780	72010
781	31954
782	26605
783	24420
784	31322
785	62678
786	31502
787	29646
788	34360
789	66011
790	41971
791	41972
792	58033
793	72011
794	41973
795	56929
796	37706
797	25842
798	25843
799	49298
800	29647
801	38917
802	40597
803	38053
804	54284
805	59809
806	47125
807	39493
808	42135
809	44352
810	44353
811	51666
812	48374
813	52041
814	29407
815	45168
816	41967
817	45169
818	68722
819	32154
820	31626
821	51058
822	33541
823	30428
824	32452
825	47104
826	46413
827	70906
828	60738
829	57778
830	26328
831	47143
832	33702
833	35553
834	40598
835	40937
836	47087
837	62191
838	51592
839	25818
840	27331
841	51051
842	56526
843	70318
844	55288
845	57428
846	40285
847	37491
848	24820
849	74626
850	49045
851	39494
852	31933
853	37450
854	26677
855	69869
856	30229
857	27924
858	24191
859	73638
860	32608
861	37132
862	36005
863	48755
864	63031
865	29759
866	72582
867	41974
868	31955
869	55333
870	69953
871	25819
872	34240
873	58034
874	26571
875	30359
876	33386
877	54404
878	53938
879	26317
880	35848
881	45170
882	36821
883	34718
884	55572
885	61407
886	46617
887	35805
888	24786
889	51107
890	44176
891	63431
892	25658
893	36478
894	33214
895	35897
896	59533
897	49690
898	56972
899	33560
900	33039
901	55748
902	31619
903	32822
904	63973
905	38222
906	28493
907	70703
908	43715
909	74412
910	47651
911	28362
912	34478
913	73400
914	40009
915	33987
916	56700
917	31474
918	61304
919	66556
920	47425
921	73896
922	73897
923	43716
924	43717
925	46995
926	38054
927	43718
928	38055
929	43719
930	51862
931	46221
932	29228
933	39727
934	26763
935	57591
936	32600
937	27966
938	45337
939	64130
940	43064
941	40934
942	52486
943	30488
944	44931
945	44299
946	54434
947	45774
948	62316
949	49181
950	45918
951	35636
952	54259
953	54221
954	31323
955	57197
956	56273
957	58368
958	46350
959	26764
960	50085
961	34254
962	25559
963	42321
964	44161
965	27202
966	32155
967	46930
968	45623
969	47947
970	41181
971	50589
972	49501
973	32198
974	27203
975	48447
976	24975
977	24413
978	24403
979	30555
980	63720
981	66302
982	32972
983	47227
984	50446
985	37058
986	35952
987	49163
988	38056
989	51863
990	51864
991	38057
992	34582
993	74352
994	45919
995	35388
996	43061
997	29589
998	73237
999	33967
1000	44204
1001	26025
1002	44300
1003	24235
1004	44301
1005	38841
1006	44302
1007	33615
1008	37070
1009	26765
1010	52390
1011	30719
1012	25029
1013	30770
1014	35099
1015	25157
1016	58310
1017	35767
1018	62280
1019	27332
1020	57143
1021	58652
1022	71839
1023	29999
1024	64697
1025	69621
1026	51865
1027	26766
1028	35415
1029	45911
1030	67013
1031	59346
1032	54281
1033	71040
1034	36391
1035	35528
1036	39687
1037	47634
1038	57170
1039	34361
1040	48149
1041	47025
1042	33700
1043	33991
1044	26050
1045	47180
1046	40010
1047	46065
1048	30771
1049	55118
1050	29265
1051	59988
1052	38815
1053	29926
1054	60944
1055	40286
1056	25221
1057	70023
1058	53508
1059	39522
1060	50935
1061	25681
1062	38495
1063	62317
1064	29590
1065	25844
1066	55827
1067	26342
1068	36392
1069	44159
1070	25725
1071	52254
1072	49828
1073	25158
1074	25159
1075	57587
1076	59929
1077	37430
1078	31877
1079	40768
1080	59608
1081	42718
1082	40151
1083	38948
1084	28900
1085	37248
1086	45158
1087	31878
1088	28737
1089	74224
1090	39917
1091	29648
1092	70024
1093	52391
1094	43166
1095	29842
1096	46273
1097	56188
1098	53179
1099	58737
1100	30772
1101	52061
1102	47717
1103	51297
1104	36027
1105	41842
1106	73716
1107	31934
1108	24187
1109	57815
1110	30556
1111	70025
1112	28085
1113	51059
1114	35849
1115	59743
1116	33616
1117	35389
1118	46414
1119	34255
1120	46768
1121	46507
1122	47652
1123	71932
1124	48756
1125	38634
1126	55741
1127	65545
1128	44425
1129	29649
1130	71787
1131	35645
1132	36418
1133	33387
1134	37758
1135	50539
1136	60690
1137	33388
1138	31699
1139	74153
1140	46538
1141	49261
1142	46539
1143	27876
1144	72935
1145	25475
1146	63725
1147	51108
1148	70908
1149	62829
1150	53019
1151	38419
1152	45124
1153	35978
1154	62138
1155	35979
1156	38904
1157	56949
1158	68794
1159	28995
1160	40887
1161	36886
1162	37984
1163	39829
1164	31620
1165	71486
1166	46230
1167	28930
1168	38084
1169	50851
1170	47855
1171	46873
1172	70909
1173	36344
1174	33074
1175	47738
1176	38842
1177	44246
1178	73815
1179	62633
1180	29952
1181	73900
1182	47578
1183	58915
1184	30532
1185	45775
1186	30862
1187	73901
1188	42441
1189	40599
1190	25476
1191	25560
1192	31466
1193	30574
1194	40769
1195	26767
1196	65504
1197	47739
1198	26678
1199	59851
1200	24328
1201	32823
1202	44426
1203	68657
1204	59989
1205	32506
1206	44140
1207	43423
1208	32615
1209	37494
1210	29650
1211	33068
1212	74141
1213	45107
1214	36006
1215	43985
1216	36217
1217	42980
1218	51732
1219	25400
1220	39454
1221	40470
1222	73228
1223	52487
1224	37935
1225	63011
1226	49846
1227	54557
1228	45890
1229	31372
1230	35310
1231	50703
1232	57702
1233	35923
1234	70835
1235	70836
1236	29651
1237	64653
1238	51866
1239	62402
1240	58274
1241	27448
1242	55311
1243	33992
1244	52488
1245	51867
1246	69286
1247	32667
1248	40888
1249	66839
1250	26768
1251	37659
1252	30720
1253	66287
1254	72016
1255	53162
1256	73488
1257	60506
1258	25484
1259	28996
1260	29559
1261	57861
1262	49425
1263	44576
1264	44577
1265	44578
1266	47957
1267	35947
1268	26769
1269	53589
1270	37975
1271	63850
1272	47740
1273	38533
1274	33951
1275	32977
1276	42859
1277	54231
1278	71626
1279	61997
1280	26770
1281	51817
1282	64881
1283	34646
1284	27906
1285	41475
1286	52055
1287	43090
1288	42786
1289	42266
1290	38794
1291	70742
1292	56738
1293	36988
1294	40868
1295	30489
1296	39969
1297	70657
1298	32616
1299	62056
1300	27907
1301	31674
1302	42739
1303	40471
1304	46884
1305	27228
1306	26679
1307	40991
1308	52489
1309	69742
1310	38536
1311	62780
1312	65121
1313	70658
1314	28890
1315	64672
1316	33135
1317	58107
1318	71712
1319	42787
1320	66733
1321	36989
1322	34029
1323	31794
1324	37451
1325	40277
1326	40152
1327	39375
1328	41837
1329	47889
1330	26051
1331	71650
1332	58738
1333	66270
1334	54260
1335	26008
1336	39255
1337	66540
1338	70662
1339	35481
1340	39886
1341	58275
1342	65647
1343	70911
1344	70914
1345	57949
1346	35338
1347	25222
1348	65337
1349	24647
1350	46086
1351	43062
1352	46249
1353	25401
1354	44127
1355	29652
1356	31585
1357	48159
1358	58089
1359	57486
1360	73469
1361	38042
1362	50027
1363	30575
1364	52995
1365	67951
1366	45541
1367	49952
1368	44255
1369	34103
1370	47451
1371	37452
1372	29653
1373	30230
1374	63157
1375	69898
1376	61202
1377	33654
1378	56458
1379	43091
1380	35052
1381	38671
1382	30231
1383	49739
1384	36310
1385	42583
1386	69341
1387	26052
1388	42442
1389	40153
1390	36887
1391	26053
1392	49143
1393	57487
1394	43387
1395	31293
1396	64971
1397	40938
1398	44128
1399	42775
1400	37690
1401	67182
1402	56849
1403	47037
1404	60898
1405	37831
1406	39228
1407	60967
1408	66829
1409	67199
1410	62644
1411	33703
1412	53448
1413	73489
1414	37832
1415	36817
1416	39899
1417	28997
1418	32824
1419	31294
1420	40970
1421	29299
1422	44765
1423	44766
1424	24511
1425	30232
1426	54420
1427	61345
1428	30622
1429	36564
1430	27333
1431	59839
1432	25853
1433	36888
1434	31534
1435	52090
1436	52490
1437	62645
1438	30900
1439	38307
1440	32940
1441	28384
1442	74315
1443	64441
1444	71356
1445	50518
1446	41858
1447	24333
1448	41625
1449	69982
1450	45624
1451	47251
1452	49591
1453	73904
1454	29654
1455	56353
1456	24502
1457	53529
1458	59970
1459	31666
1460	52491
1461	52492
1462	50598
1463	66402
1464	34786
1465	35746
1466	49847
1467	40770
1468	30233
1469	46618
1470	32199
1471	40100
1472	25160
1473	67741
1474	73313
1475	26771
1476	43418
1477	28271
1478	39256
1479	25820
1480	68502
1481	48937
1482	47909
1483	47741
1484	33302
1485	27908
1486	47742
1487	59186
1488	35416
1489	57150
1490	37889
1491	36085
1492	67523
1493	38427
1494	67524
1495	41066
1496	46021
1497	71386
1498	26418
1499	67867
1500	48532
1501	39468
1502	47252
1503	53981
1504	64424
1505	59276
1506	33136
1507	72290
1508	37431
1509	67952
1510	54608
1511	25821
1512	42714
1513	55636
1514	72583
1515	45795
1516	70028
1517	42506
1518	33825
1519	25854
1520	48651
1521	34787
1522	52230
1523	39147
1524	41975
1525	68829
1526	64538
1527	40889
1528	47958
1529	39716
1530	57631
1531	70294
1532	69342
1533	38672
1534	28925
1535	64698
1536	37833
1537	49592
1538	37196
1539	27449
1540	40720
1541	47278
1542	27286
1543	50596
1544	27229
1545	38308
1546	45502
1547	50128
1548	70029
1549	64017
1550	49144
1551	74500
1552	33865
1553	66548
1554	41684
1555	28188
1556	48091
1557	52794
1558	60552
1559	30176
1560	43857
1561	28165
1562	41960
1563	45931
1564	51091
1565	26772
1566	65876
1567	51276
1568	57964
1569	45166
1570	26543
1571	33129
1572	64882
1573	32978
1574	26527
1575	25117
1576	49379
1577	74414
1578	72292
1579	52493
1580	73905
1581	39900
1582	44951
1583	64623
1584	35566
1585	37834
1586	43459
1587	50213
1588	26773
1589	44462
1590	40248
1591	31586
1592	37249
1593	34362
1594	34647
1595	64883
1596	29560
1597	25682
1598	55939
1599	33075
1600	54533
1601	46742
1602	52883
1603	62781
1604	33826
1605	57098
1606	35953
1607	45542
1608	51060
1609	43164
1610	55845
1611	64491
1612	46656
1613	53020
1614	62830
1615	69343
1616	67573
1617	56527
1618	60921
1619	71558
1620	31410
1621	43585
1622	37546
1623	66705
1624	52494
1625	48957
1626	53348
1627	74357
1628	40011
1629	62139
1630	59795
1631	65801
1632	41739
1633	73240
1634	60693
1635	38192
1636	25977
1637	73241
1638	49810
1639	40771
1640	62486
1641	57010
1642	73906
1643	63788
1644	51358
1645	67666
1646	72644
1647	45154
1648	26528
1649	25561
1650	32617
1651	41067
1652	48810
1653	28998
1654	62355
1655	30100
1656	64946
1657	65538
1658	30700
1659	24683
1660	29362
1661	33040
1662	33041
1663	35100
1664	36218
1665	26774
1666	51994
1667	31956
1668	50129
1669	47575
1670	24192
1671	56062
1672	31449
1673	59852
1674	45257
1675	61082
1676	41653
1677	41708
1678	39112
1679	50097
1680	43693
1681	38186
1682	58623
1683	24300
1684	41349
1685	29591
1686	28963
1687	57227
1688	28999
1689	28742
1690	25223
1691	45024
1692	45155
1693	38918
1694	61113
1695	47279
1696	63895
1697	41016
1698	35279
1699	50877
1700	65928
1701	37250
1702	45602
1703	48465
1704	29953
1705	71976
1706	39257
1707	33617
1708	47653
1709	71977
1710	55962
1711	54176
1712	44893
1713	43600
1714	54177
1715	29760
1716	58276
1717	60564
1718	43370
1719	27421
1720	68355
1721	47280
1722	50130
1723	37251
1724	28086
1725	32038
1726	61194
1727	35680
1728	51061
1729	42479
1730	25683
1731	68734
1732	32825
1733	58069
1734	30362
1735	44579
1736	42420
1737	48279
1738	45833
1739	45435
1740	51062
1741	42045
1742	57151
1743	25993
1744	25001
1745	58631
1746	31373
1747	40012
1748	28532
1749	38177
1750	37759
1751	29592
1752	40890
1753	45995
1754	29747
1755	33827
1756	74503
1757	31353
1758	62444
1759	64820
1760	69885
1761	32795
1762	47743
1763	44438
1764	56437
1765	64356
1766	58058
1767	38174
1768	35512
1769	52283
1770	45171
1771	32453
1772	30533
1773	50260
1774	32454
1775	35916
1776	53360
1777	74452
1778	53590
1779	34504
1780	66716
1781	51995
1782	34974
1783	35806
1784	37071
1785	70295
1786	72666
1787	38309
1788	69505
1789	28297
1790	56261
1791	54285
1792	73639
1793	45617
1794	41058
1795	73285
1796	63938
1797	25855
1798	36889
1799	30363
1800	51792
1801	69416
1802	48360
1803	38436
1804	60902
1805	42013
1806	34363
1807	25504
1808	44537
1809	40287
1810	28298
1811	31503
1812	26775
1813	31802
1814	43328
1815	48811
1816	37279
1817	26776
1818	72907
1819	35665
1820	36845
1821	36393
1822	73286
1823	39113
1824	29939
1825	36846
1826	31657
1827	39728
1828	53600
1829	74462
1830	29940
1831	70165
1832	37473
1833	72182
1834	27230
1835	25002
1836	25003
1837	28533
1838	42309
1839	31803
1840	32826
1841	59990
1842	30234
1843	55183
1844	52073
1845	25004
1846	25974
1847	63621
1848	46990
1849	31667
1850	37252
1851	37199
1852	40891
1853	35579
1854	32583
1855	41668
1856	26777
1857	43766
1858	35616
1859	56116
1860	38104
1861	35807
1862	46664
1863	46335
1864	29761
1865	35808
1866	59957
1867	51184
1868	38496
1869	70663
1870	37601
1871	42289
1872	46140
1873	51109
1874	70119
1875	50772
1876	42584
1877	38497
1878	26621
1879	46062
1880	51192
1881	64425
1882	55846
1883	57254
1884	36643
1885	36818
1886	58648
1887	48866
1888	33069
1889	38657
1890	64318
1891	48794
1892	56950
1893	33359
1894	32507
1895	33618
1896	27450
1897	58441
1898	27231
1899	25005
1900	50131
1901	73511
1902	61894
1903	68461
1904	41026
1905	29000
1906	36833
1907	43744
1908	30701
1909	54477
1910	71933
1911	41756
1912	65206
1913	51996
1914	64699
1915	67965
1916	48996
1917	67574
1918	68797
1919	44256
1920	27220
1921	29390
1922	28984
1923	40648
1924	56965
1925	60853
1926	40154
1927	31668
1928	30084
1929	52785
1930	43767
1931	36705
1932	62470
1933	37760
1934	45292
1935	45293
1936	45294
1937	29751
1938	73243
1939	66726
1940	33018
1941	35101
1942	55262
1943	34256
1944	41068
1945	42123
1946	38423
1947	49829
1948	32556
1949	46619
1950	46991
1951	53349
1952	49539
1953	25345
1954	45436
1955	52346
1956	47181
1957	25856
1958	34257
1959	39007
1960	62174
1961	46351
1962	26778
1963	55847
1964	49502
1965	63554
1966	47040
1967	48118
1968	51110
1969	73598
1970	28385
1971	42083
1972	55848
1973	70377
1974	50295
1975	25006
1976	47783
1977	47784
1978	44626
1979	35954
1980	35955
1981	61754
1982	62695
1983	32061
1984	36419
1985	44627
1986	44628
1987	35006
1988	37835
1989	38591
1990	67488
1991	53280
1992	63746
1993	41757
1994	28237
1995	24836
1996	60779
1997	53153
1998	31570
1999	72078
2000	31916
2001	34966
2002	52241
2003	32668
2004	50719
2005	36219
2006	65170
2007	45192
2008	30235
2009	68798
2010	60854
2011	71585
2012	44217
2013	73406
2014	44141
2015	44225
2016	48160
2017	44439
2018	25575
2019	35747
2020	64319
2021	69870
2022	54362
2023	65355
2024	65877
2025	39008
2026	39009
2027	29954
2028	26779
2029	39627
2030	66074
2031	35666
2032	39148
2033	33260
2034	38795
2035	48867
2036	48331
2037	41758
2038	47744
2039	64574
2040	40506
2041	28012
2042	34059
2043	34212
2044	33655
2045	29501
2046	73729
2047	65557
2048	46352
2049	55505
2050	27845
2051	51818
2052	46755
2053	71628
2054	29655
2055	26780
2056	28005
2057	56791
2058	42771
2059	47959
2060	73714
2061	26588
2062	32112
2063	32909
2064	50878
2065	40664
2066	71018
2067	25857
2068	48721
2069	42941
2070	49722
2071	49723
2072	49724
2073	49725
2074	33568
2075	48128
2076	26680
2077	53584
2078	25068
2079	55637
2080	60507
2081	64225
2082	31295
2083	30490
2084	74017
2085	44111
2086	62477
2087	38405
2088	27451
2089	28166
2090	46620
2091	52495
2092	27909
2093	44580
2094	53585
2095	31669
2096	52046
2097	37426
2098	47960
2099	33377
2100	62496
2101	70899
2102	35580
2103	25858
2104	73912
2105	56792
2106	57488
2107	48631
2108	35809
2109	33261
2110	56793
2111	31236
2112	73640
2113	74392
2114	69871
2115	69872
2116	59008
2117	25030
2118	47745
2119	39461
2120	30721
2121	25822
2122	45543
2123	47746
2124	33137
2125	70664
2126	32612
2127	26026
2128	26249
2129	47416
2130	52496
2131	54859
2132	28386
2133	31306
2134	36890
2135	35617
2136	25437
2137	34583
2138	26781
2139	66734
2140	59944
2141	28240
2142	28891
2143	26681
2144	26782
2145	52497
2146	49867
2147	32618
2148	42162
2149	26783
2150	64452
2151	37294
2152	53163
2153	27877
2154	29949
2155	31917
2156	24796
2157	25859
2158	46621
2159	58193
2160	55008
2161	32017
2162	67684
2163	33724
2164	29927
2165	36779
2166	38066
2167	32916
2168	35909
2169	36780
2170	58442
2171	37836
2172	53402
2173	73036
2174	36427
2175	28852
2176	62140
2177	73851
2178	59249
2179	53337
2180	71859
2181	71860
2182	47981
2183	30236
2184	26666
2185	33465
2186	57255
2187	66210
2188	42490
2189	42326
2190	29656
2191	35280
2192	50098
2193	24487
2194	45991
2195	24976
2196	64183
2197	26027
2198	32557
2199	64575
2200	56438
2201	63622
2202	46110
2203	43128
2204	35567
2205	27910
2206	71007
2207	44538
2208	26784
2209	50773
2210	53478
2211	61771
2212	57011
2213	47132
2214	63939
2215	51202
2216	50774
2217	69344
2218	58941
2219	27187
2220	29354
2221	46743
2222	59141
2223	54675
2224	51268
2225	43850
2226	25256
2227	65648
2228	32979
2229	62464
2230	35281
2231	49278
2232	35053
2233	33688
2234	51238
2235	29444
2236	69862
2237	62715
2238	36970
2239	28192
2240	74453
2241	40964
2242	33221
2243	30560
2244	57623
2245	45941
2246	52498
2247	53560
2248	26606
2249	38158
2250	46914
2251	41476
2252	36706
2253	57198
2254	36644
2255	67909
2256	33019
2257	42253
2258	54517
2259	49426
2260	25101
2261	44539
2262	58443
2263	32455
2264	32456
2265	32457
2266	30491
2267	29657
2268	37345
2269	46576
2270	54881
2271	59971
2272	30983
2273	49837
2274	25726
2275	36060
2276	58739
2277	34898
2278	24396
2279	47161
2280	32619
2281	37761
2282	34879
2283	64673
2284	57519
2285	62020
2286	26785
2287	62929
2288	70917
2289	35417
2290	60059
2291	34788
2292	30901
2293	34156
2294	28688
2295	26054
2296	70016
2297	27188
2298	57703
2299	63134
2300	25402
2301	28261
2302	50385
2303	62175
2304	43297
2305	43811
2306	45776
2307	35054
2308	64576
2309	64375
2310	28964
2311	32018
2312	32019
2313	24788
2314	70168
2315	70156
2316	59190
2317	32020
2318	28087
2319	36645
2320	62176
2321	25860
2322	35482
2323	33577
2324	45295
2325	28567
2326	45296
2327	33262
2328	70918
2329	35015
2330	51926
2331	61607
2332	64577
2333	30125
2334	51718
2335	26786
2336	62617
2337	25224
2338	33312
2339	52803
2340	58090
2341	49488
2342	64194
2343	27414
2344	53169
2345	39426
2346	68341
2347	33977
2348	26589
2349	43946
2350	44177
2351	32980
2352	62589
2353	50043
2354	38038
2355	60937
2356	31307
2357	71934
2358	65878
2359	52499
2360	31081
2361	27925
2362	43745
2363	43501
2364	44744
2365	42961
2366	56337
2367	43694
2368	33479
2369	37064
2370	45352
2371	40600
2372	26787
2373	40510
2374	36595
2375	62208
2376	64346
2377	54518
2378	72515
2379	32156
2380	64578
2381	31450
2382	49489
2383	41187
2384	42788
2385	41283
2386	41467
2387	32157
2388	73454
2389	37039
2390	36332
2391	33689
2392	53731
2393	38310
2394	44673
2395	39642
2396	28494
2397	40892
2398	31535
2399	51819
2400	30237
2401	65917
2402	30177
2403	58369
2404	38071
2405	56850
2406	47131
2407	33594
2408	50132
2409	50775
2410	26055
2411	32895
2412	39767
2413	44464
2414	29229
2415	41949
2416	25727
2417	58535
2418	36570
2419	49380
2420	39932
2421	58536
2422	47281
2423	36971
2424	34364
2425	74142
2426	43371
2427	69236
2428	30002
2429	54877
2430	48812
2431	28002
2432	71446
2433	24571
2434	51298
2435	25861
2436	36834
2437	44696
2438	32158
2439	54150
2440	37059
2441	26788
2442	59420
2443	25810
2444	59870
2445	46284
2446	40039
2447	32620
2448	28299
2449	43943
2450	63799
2451	71862
2452	62885
2453	55701
2454	30702
2455	54039
2456	30561
2457	50697
2458	32950
2459	32200
2460	35390
2461	60652
2462	33828
2463	52500
2464	55297
2465	54421
2466	53396
2467	38651
2468	33829
2469	61772
2470	72584
2471	30429
2472	55613
2473	57358
2474	25750
2475	33830
2476	30863
2477	50400
2478	63560
2479	40155
2480	44142
2481	38410
2482	65151
2483	68473
2484	31082
2485	32201
2486	72482
2487	69625
2488	30238
2489	40992
2490	73030
2491	30984
2492	39609
2493	39610
2494	33020
2495	63333
2496	42981
2497	44581
2498	33389
2499	64596
2500	70041
2501	70042
2502	71271
2503	34970
2504	48533
2505	55184
2506	38919
2507	63561
2508	28088
2509	42910
2510	28089
2511	28090
2512	30147
2513	74293
2514	28034
2515	37602
2516	71188
2517	48894
2518	36394
2519	26660
2520	54178
2521	38663
2522	45796
2523	46574
2524	67659
2525	32299
2526	58444
2527	31571
2528	39849
2529	48564
2530	27846
2531	52501
2532	34295
2533	30703
2534	45872
2535	31675
2536	40834
2537	65387
2538	33704
2539	71863
2540	37360
2541	73922
2542	39729
2543	28091
2544	60565
2545	49694
2546	69568
2547	43092
2548	57624
2549	46141
2550	26356
2551	37427
2552	30364
2553	50660
2554	72585
2555	43695
2556	43964
2557	38244
2558	35521
2559	62141
2560	38245
2561	56207
2562	29593
2563	48025
2564	37253
2565	31065
2566	33831
2567	25031
2568	42962
2569	70169
2570	36891
2571	53724
2572	68268
2573	47579
2574	40739
2575	29098
2576	27334
2577	30365
2578	54348
2579	25320
2580	63334
2581	73426
2582	57892
2583	73014
2584	50776
2585	62619
2586	47335
2587	35667
2588	36038
2589	56311
2590	53707
2591	61227
2592	54088
2593	29762
2594	43023
2595	61228
2596	42963
2597	45472
2598	47482
2599	40835
2600	54643
2601	24821
2602	68953
2603	39469
2604	62860
2605	44061
2606	43586
2607	71561
2608	71562
2609	38223
2610	54832
2611	55032
2612	39706
2613	30902
2614	27335
2615	36990
2616	30773
2617	38635
2618	28568
2619	26789
2620	58170
2621	35055
2622	63851
2623	48813
2624	34060
2625	43587
2626	67489
2627	56601
2628	24837
2629	39455
2630	26056
2631	73642
2632	28255
2633	33451
2634	30194
2635	34921
2636	26790
2637	45503
2638	33280
2639	47877
2640	50370
2641	68190
2642	50869
2643	33763
2644	34483
2645	62543
2646	49006
2647	57105
2648	32300
2649	31658
2650	41432
2651	33725
2652	63755
2653	53249
2654	60448
2655	60449
2656	63616
2657	41574
2658	30903
2659	51746
2660	55573
2661	41575
2662	55347
2663	69237
2664	30079
2665	52772
2666	69648
2667	51277
2668	25531
2669	61773
2670	35102
2671	26791
2672	26792
2673	58740
2674	64292
2675	43507
2676	35513
2677	39887
2678	37254
2679	72021
2680	65159
2681	40854
2682	25590
2683	31133
2684	34484
2685	56338
2686	31879
2687	36220
2688	30195
2689	64603
2690	26057
2691	31957
2692	54671
2693	34298
2694	28632
2695	54363
2696	38274
2697	72242
2698	39830
2699	43268
2700	30366
2701	52302
2702	32414
2703	40893
2704	65788
2705	74213
2706	56851
2707	50240
2708	41918
2709	64884
2710	67996
2711	72093
2712	41069
2713	61104
2714	25201
2715	67429
2716	44244
2717	28627
2718	53924
2719	57704
2720	45992
2721	33944
2722	27452
2723	58091
2724	60290
2725	73852
2726	49784
2727	45748
2728	46544
2729	29955
2730	29658
2731	73820
2732	63354
2733	59744
2734	61305
2735	70784
2736	49896
2737	34104
2738	48426
2739	72462
2740	65338
2741	41188
2742	48252
2743	27318
2744	33524
2745	33596
2746	46555
2747	26641
2748	31036
2749	57971
2750	44832
2751	43746
2752	34584
2753	61927
2754	56839
2755	56840
2756	46808
2757	53515
2758	42136
2759	56674
2760	48349
2761	31627
2762	44857
2763	48713
2764	35368
2765	36629
2766	61229
2767	36991
2768	49785
2769	72022
2770	46545
2771	27336
2772	56339
2773	67575
2774	45504
2775	26793
2776	58194
2777	33705
2778	26058
2779	37530
2780	51005
2781	33042
2782	33043
2783	51610
2784	55702
2785	64937
2786	48074
2787	46353
2788	40894
2789	32508
2790	30704
2791	30367
2792	64426
2793	30178
2794	30832
2795	43609
2796	68799
2797	74295
2798	48267
2799	31628
2800	44228
2801	42443
2802	51747
2803	43601
2804	64148
2805	56243
2806	68869
2807	28789
2808	50463
2809	50731
2810	45528
2811	31008
2812	42462
2813	70002
2814	73925
2815	29659
2816	27232
2817	47105
2818	68900
2819	40534
2820	32474
2821	71343
2822	45407
2823	57359
2824	67997
2825	71259
2826	64149
2827	49364
2828	33194
2829	33923
2830	36028
2831	57012
2832	58706
2833	28142
2834	68870
2835	31958
2836	64579
2837	54962
2838	63273
2839	26794
2840	63944
2841	58681
2842	73781
2843	31880
2844	69745
2845	34625
2846	29660
2847	30741
2848	71337
2849	62396
2850	44229
2851	64150
2852	33138
2853	59250
2854	57013
2855	45297
2856	64015
2857	61306
2858	33924
2859	74221
2860	74222
2861	72184
2862	48907
2863	39643
2864	31696
2865	29502
2866	35056
2867	40869
2868	35057
2869	73926
2870	43741
2871	46822
2872	49427
2873	30368
2874	42145
2875	37065
2876	68388
2877	59237
2878	34033
2879	25126
2880	49375
2881	72434
2882	42585
2883	28569
2884	39495
2885	66494
2886	71239
2887	32621
2888	69569
2889	28803
2890	55532
2891	50447
2892	72982
2893	64427
2894	65388
2895	29661
2896	26795
2897	29001
2898	53874
2899	66469
2900	30430
2901	37346
2902	65746
2903	73927
2904	62716
2905	39857
2906	30576
2907	39470
2908	51101
2909	42014
2910	55107
2911	37955
2912	60497
2913	39496
2914	39497
2915	37453
2916	66211
2917	36847
2918	53464
2919	31629
2920	25591
2921	33619
2922	33139
2923	35927
2924	25994
2925	53639
2926	44143
2927	27415
2928	55348
2929	37712
2930	59810
2931	69345
2932	63135
2933	29662
2934	43911
2935	55963
2936	55108
2937	62114
2938	56629
2939	68096
2940	33832
2941	39149
2942	44072
2943	35722
2944	45185
2945	61230
2946	39901
2947	44188
2948	73928
2949	57862
2950	41992
2951	74508
2952	42046
2953	32049
2954	73930
2955	52347
2956	58729
2957	28985
2958	68356
2959	43747
2960	25505
2961	31083
2962	45108
2963	73394
2964	33107
2965	47808
2966	29663
2967	40006
2968	52502
2969	46940
2970	27955
2971	70203
2972	45505
2973	61288
2974	60653
2975	32443
2976	25562
2977	59757
2978	53982
2979	56244
2980	67058
2981	32041
2982	50289
2983	32827
2984	62660
2985	34241
2986	26642
2987	54416
2988	70919
2989	73706
2990	66495
2991	34008
2992	62478
2993	35282
2994	25403
2995	24711
2996	48672
2997	31670
2998	43748
2999	43749
3000	41626
3001	37785
3002	42500
3003	57660
3004	65639
3005	29846
3006	24900
3007	27173
3008	33021
3009	46097
3010	38246
3011	59277
3012	54261
3013	61294
3014	25532
3015	28363
3016	48550
3017	57798
3018	49013
3019	29871
3020	30331
3021	50621
3022	37936
3023	31676
3024	70667
3025	41468
3026	60834
3027	49173
3028	58321
3029	39000
3030	74039
3031	34585
3032	26796
3033	53544
3034	32077
3035	68452
3036	49145
3037	29872
3038	48334
3039	41070
3040	53021
3041	44697
3042	38311
3043	45437
3044	25456
3045	24797
3046	65476
3047	30656
3048	53800
3049	60922
3050	49503
3051	35103
3052	69594
3053	70045
3054	70046
3055	67998
3056	46202
3057	26797
3058	32674
3059	64428
3060	37937
3061	32368
3062	34258
3063	63475
3064	26798
3065	37133
3066	56157
3067	49953
3068	32622
3069	25032
3070	72645
3071	47596
3072	60450
3073	57256
3074	43372
3075	38933
3076	31354
3077	41355
3078	58730
3079	69177
3080	43229
3081	50599
3082	35810
3083	41071
3084	67294
3085	55730
3086	48350
3087	39933
3088	25438
3089	42363
3090	38869
3091	38870
3092	46415
3093	34899
3094	51748
3095	73197
3096	31379
3097	44611
3098	57429
3099	44519
3100	37134
3101	25106
3102	43750
3103	47336
3104	59583
3105	37603
3106	48183
3107	66557
3108	46111
3109	44745
3110	54137
3111	28127
3112	34201
3113	57360
3114	44311
3115	40849
3116	62554
3117	73287
3118	67232
3119	59811
3120	48261
3121	40288
3122	61330
3123	54899
3124	41189
3125	39021
3126	39523
3127	37347
3128	68801
3129	36596
3130	27337
3131	32828
3132	46687
3133	32687
3134	26799
3135	49130
3136	70668
3137	44746
3138	24933
3139	43751
3140	35312
3141	27967
3142	36810
3143	73398
3144	33690
3145	26059
3146	27453
3147	41993
3148	65558
3149	41072
3150	57199
3151	49727
3152	38095
3153	66157
3154	26060
3155	37741
3156	64016
3157	47182
3158	59871
3159	37604
3160	37543
3161	38621
3162	73384
3163	43866
3164	55185
3165	26061
3166	72109
3167	37411
3168	36549
3169	58018
3170	72326
3171	56083
3172	50228
3173	73077
3174	73387
3175	47041
3176	50948
3177	44144
3178	39950
3179	71565
3180	37013
3181	48673
3182	27233
3183	57361
3184	59347
3185	58019
3186	54040
3187	36550
3188	40002
3189	69879
3190	61697
3191	28035
3192	55940
3193	73388
3194	39888
3195	56675
3196	53274
3197	31630
3198	32202
3199	74463
3200	31536
3201	45186
3202	57099
3203	30904
3204	30492
3205	73080
3206	29182
3207	66212
3208	49954
3209	44082
3210	65122
3211	38312
3212	26800
3213	35287
3214	28092
3215	56630
3216	27303
3217	42982
3218	31804
3219	73288
3220	67239
3221	57489
3222	31881
3223	44808
3224	39730
3225	44809
3226	30239
3227	64413
3228	57362
3229	66001
3230	29847
3231	27431
3232	37313
3233	47567
3234	41752
3235	55452
3236	40105
3237	30085
3238	66213
3239	55268
3240	55453
3241	40939
3242	64580
3243	73932
3244	52956
3245	26801
3246	37837
3247	31189
3248	42891
3249	53822
3250	30905
3251	50211
3252	25506
3253	71588
3254	34900
3255	26682
3256	54262
3257	26062
3258	28804
3259	34365
3260	44966
3261	61608
3262	30051
3263	30240
3264	70846
3265	70847
3266	32623
3267	28429
3268	32159
3269	40123
3270	49564
3271	58003
3272	34901
3273	47747
3274	64453
3275	47253
3276	38313
3277	40895
3278	26393
3279	55566
3280	42928
3281	44540
3282	49848
3283	52479
3284	47162
3285	43930
3286	32688
3287	24653
3288	26357
3289	49908
3290	34366
3291	34367
3292	62510
3293	56513
3294	41954
3295	50622
3296	25069
3297	60986
3298	39524
3299	52193
3300	39858
3301	51536
3302	60060
3303	43812
3304	37383
3305	51820
3306	37384
3307	25237
3308	54719
3309	55003
3310	43187
3311	42942
3312	31347
3313	25862
3314	39986
3315	26188
3316	30577
3317	59812
3318	26189
3319	56312
3320	28430
3321	25671
3322	50332
3323	41433
3324	40389
3325	29664
3326	29665
3327	68357
3328	33390
3329	51667
3330	61698
3331	52169
3332	43602
3333	31084
3334	26394
3335	31395
3336	31396
3337	28431
3338	40511
3339	71799
3340	30241
3341	49339
3342	50261
3343	54972
3344	47121
3345	55349
3346	38199
3347	47153
3348	35811
3349	42715
3350	29997
3351	51951
3352	70107
3353	39498
3354	64754
3355	49607
3356	38636
3357	31085
3358	44920
3359	46915
3360	43696
3361	48232
3362	46916
3363	36858
3364	32689
3365	49909
3366	34368
3367	54179
3368	36395
3369	66831
3370	26063
3371	64414
3372	30242
3373	30889
3374	44257
3375	44258
3376	73314
3377	50099
3378	42163
3379	74297
3380	66075
3381	26802
3382	37983
3383	26190
3384	38749
3385	50694
3386	38750
3387	33195
3388	56313
3389	65244
3390	38105
3391	26191
3392	44520
3393	61954
3394	56951
3395	62809
3396	32509
3397	28403
3398	59958
3399	42338
3400	51537
3401	36061
3402	42670
3403	30493
3404	47748
3405	53516
3406	28408
3407	36141
3408	54188
3409	66735
3410	66736
3411	66737
3412	66738
3413	66739
3414	25127
3415	25128
3416	63562
3417	26803
3418	53275
3419	48398
3420	32458
3421	64885
3422	64520
3423	30906
3424	70920
3425	71566
3426	68802
3427	40202
3428	54180
3429	71245
3430	43412
3431	70922
3432	51397
3433	46408
3434	60829
3435	39233
3436	30243
3437	39258
3438	68686
3439	51694
3440	26804
3441	39850
3442	24269
3443	47890
3444	60508
3445	48847
3446	49102
3447	35748
3448	58537
3449	44698
3450	47042
3451	28761
3452	73853
3453	57566
3454	41357
3455	63355
3456	73207
3457	33529
3458	25728
3459	34757
3460	35812
3461	33391
3462	45492
3463	28241
3464	26805
3465	36007
3466	26683
3467	71323
3468	53865
3469	58538
3470	57228
3471	32128
3472	33392
3473	28965
3474	42164
3475	24380
3476	30705
3477	26222
3478	24901
3479	34208
3480	26607
3481	39049
3482	31935
3483	28432
3484	44582
3485	34213
3486	53732
3487	28433
3488	34556
3489	59308
3490	72167
3491	72168
3492	72351
3493	25033
3494	37087
3495	41303
3496	64845
3497	31631
3498	56676
3499	32923
3500	74509
3501	70669
3502	45109
3503	53557
3504	40586
3505	48551
3506	51555
3507	37879
3508	25458
3509	66076
3510	51688
3511	26662
3512	29002
3513	42444
3514	49849
3515	38026
3516	42357
3517	54973
3518	26806
3519	38085
3520	28617
3521	51063
3522	31279
3523	25129
3524	36435
3525	46416
3526	24822
3527	25659
3528	39024
3529	55009
3530	30431
3531	70050
3532	26807
3533	37838
3534	44541
3535	46297
3536	30332
3537	68476
3538	62945
3539	29666
3540	31417
3541	59813
3542	33393
3543	37762
3544	69810
3545	71338
3546	59622
3547	30432
3548	46417
3549	43373
3550	41906
3551	25751
3552	29099
3553	34157
3554	31908
3555	33578
3556	58539
3557	59814
3558	26808
3559	26419
3560	32021
3561	47749
3562	28570
3563	28571
3564	28572
3565	30052
3566	63297
3567	27454
3568	30907
3569	44833
3570	39688
3571	35850
3572	52503
3573	72983
3574	45524
3575	57609
3576	62043
3577	42188
3578	24775
3579	44612
3580	25863
3581	42189
3582	33076
3583	26809
3584	44747
3585	28762
3586	55492
3587	44162
3588	26810
3589	26684
3590	34557
3591	45025
3592	45026
3593	45020
3594	28573
3595	28574
3596	29230
3597	40472
3598	24561
3599	67685
3600	30494
3601	55493
3602	41406
3603	61408
3604	50133
3605	31959
3606	28625
3607	28575
3608	40772
3609	60694
3610	67953
3611	39922
3612	59063
3613	24838
3614	29324
3615	39859
3616	63524
3617	38216
3618	43508
3619	43509
3620	43510
3621	69238
3622	43833
3623	28678
3624	64755
3625	59991
3626	56932
3627	52165
3628	40473
3629	43697
3630	73602
3631	25007
3632	39499
3633	28892
3634	40729
3635	38711
3636	45691
3637	42279
3638	35012
3639	61176
3640	31009
3641	49786
3642	31064
3643	63800
3644	26811
3645	40896
3646	34369
3647	72469
3648	29763
3649	48103
3650	61322
3651	30244
3652	53218
3653	66266
3654	32558
3655	70924
3656	43635
3657	49428
3658	49429
3659	27338
3660	29956
3661	66727
3662	61588
3663	60549
3664	60550
3665	31431
3666	61409
3667	40474
3668	51212
3669	42836
3670	71608
3671	43484
3672	57899
3673	41709
3674	56084
3675	34220
3676	54091
3677	55119
3678	35723
3679	55724
3680	26812
3681	54720
3682	42776
3683	67200
3684	68201
3685	71919
3686	51888
3687	74515
3688	31805
3689	50949
3690	37095
3691	26390
3692	67183
3693	49311
3694	32510
3695	59840
3696	69555
3697	31237
3698	49540
3699	59348
3700	63274
3701	45477
3702	63356
3703	53517
3704	64957
3705	67686
3706	26002
3707	74516
3708	70925
3709	55454
3710	28272
3711	69827
3712	66158
3713	66754
3714	26192
3715	34335
3716	26193
3717	51309
3718	26813
3719	53164
3720	40156
3721	31552
3722	27939
3723	44410
3724	44411
3725	44412
3726	31632
3727	47856
3728	37171
3729	53457
3730	38524
3731	34318
3732	63432
3733	40940
3734	58457
3735	53022
3736	36646
3737	67687
3738	25296
3739	36333
3740	39926
3741	35104
3742	64368
3743	56509
3744	33918
3745	44195
3746	47501
3747	55849
3748	27339
3749	46243
3750	31086
3751	26194
3752	29667
3753	38561
3754	32444
3755	46022
3756	34858
3757	61177
3758	71567
3759	24345
3760	27956
3761	46222
3762	41190
3763	46223
3764	45506
3765	41759
3766	46000
3767	34242
3768	70051
3769	57352
3770	63916
3771	38712
3772	29211
3773	33764
3774	63917
3775	28167
3776	31051
3777	45702
3778	52079
3779	26814
3780	73935
3781	63641
3782	31504
3783	38159
3784	31960
3785	57363
3786	52786
3787	51567
3788	70877
3789	31238
3790	39782
3791	49541
3792	57952
3793	44542
3794	41796
3795	60654
3796	29873
3797	33866
3798	66676
3799	33140
3800	36597
3801	37839
3802	30908
3803	64886
3804	73936
3805	25864
3806	27234
3807	45259
3808	70144
3809	37385
3810	30245
3811	33222
3812	35681
3813	33360
3814	64947
3815	33228
3816	46996
3817	37200
3818	62142
3819	53646
3820	67233
3821	32936
3822	72586
3823	54546
3824	74601
3825	46418
3826	30003
3827	58540
3828	46285
3829	36892
3830	47912
3831	56386
3832	33394
3833	34505
3834	33204
3835	58707
3836	49868
3837	53561
3838	48565
3839	39987
3840	32265
3841	52170
3842	36345
3843	30196
3844	70378
3845	51997
3846	64186
3847	64338
3848	46298
3849	40157
3850	29816
3851	50350
3852	57567
3853	66496
3854	58654
3855	39259
3856	47106
3857	46376
3858	50262
3859	33969
3860	51691
3861	25280
3862	25281
3863	40289
3864	49346
3865	71267
3866	28357
3867	27174
3868	61410
3869	48253
3870	67313
3871	59584
3872	66077
3873	26685
3874	30814
3875	34299
3876	34222
3877	26622
3878	29848
3879	36556
3880	32143
3881	70926
3882	42860
3883	38224
3884	61203
3885	37280
3886	43986
3887	69880
3888	64700
3889	32316
3890	36571
3891	48205
3892	37498
3893	34206
3894	38225
3895	66066
3896	65888
3897	69089
3898	65473
3899	69714
3900	31308
3901	67003
3902	46969
3903	49728
3904	26815
3905	55689
3906	35568
3907	73827
3908	63878
3909	32160
3910	65037
3911	55697
3912	25404
3913	26816
3914	27204
3915	50290
3916	52151
3917	25865
3918	58108
3919	40897
3920	49347
3921	58942
3922	40993
3923	24839
3924	64079
3925	43133
3926	29445
3927	31355
3928	71984
3929	50448
3930	34648
3931	29594
3932	49850
3933	36221
3934	38575
3935	60847
3936	60780
3937	28689
3938	34670
3939	53851
3940	74464
3941	74465
3942	30495
3943	49406
3944	49407
3945	49408
3946	30816
3947	46603
3948	45125
3949	34370
3950	64916
3951	73248
3952	54519
3953	41919
3954	25507
3955	24488
3956	43119
3957	28805
3958	32624
3959	27455
3960	37985
3961	35105
3962	70053
3963	32161
3964	32090
3965	32162
3966	26544
3967	46377
3968	67688
3969	45110
3970	47603
3971	43851
3972	71246
3973	73939
3974	47803
3975	53194
3976	43931
3977	54591
3978	31505
3979	72646
3980	31806
3981	30496
3982	55887
3983	26817
3984	55289
3985	40965
3986	68727
3987	35956
3988	41753
3989	40290
3990	56416
3991	70743
3992	56417
3993	34371
3994	74298
3995	40013
3996	49014
3997	43894
3998	53983
3999	25008
4000	31807
4001	49348
4002	63158
4003	38200
4004	26818
4005	32511
4006	59585
4007	39054
4008	31010
4009	47107
4010	26819
4011	24840
4012	73940
4013	25130
4014	25131
4015	63726
4016	48632
4017	25132
4018	63118
4019	40390
4020	73141
4021	38201
4022	34671
4023	62831
4024	62832
4025	38592
4026	45996
4027	70054
4028	41760
4029	56208
4030	30817
4031	56209
4032	29003
4033	34922
4034	67201
4035	33656
4036	33765
4037	65182
4038	67490
4039	57046
4040	39476
4041	28690
4042	25070
4043	34975
4044	30909
4045	38673
4046	37824
4047	67577
4048	29486
4049	29487
4050	74519
4051	73471
4052	35957
4053	49917
4054	24489
4055	30657
4056	42199
4057	32163
4058	43895
4059	59278
4060	35569
4061	59064
4062	59065
4063	44091
4064	31961
4065	61928
4066	35313
4067	26686
4068	41073
4069	38581
4070	27205
4071	65640
4072	64793
4073	50134
4074	59453
4075	35288
4076	26643
4077	46033
4078	37135
4079	52504
4080	30864
4081	24902
4082	48448
4083	45027
4084	53195
4085	44230
4086	40773
4087	56196
4088	72724
4089	38835
4090	72052
4091	72097
4092	26644
4093	61241
4094	45797
4095	59758
4096	25009
4097	50135
4098	50136
4099	35851
4100	35852
4101	25866
4102	65747
4103	30835
4104	66667
4105	46180
4106	44767
4107	70056
4108	67868
4109	30910
4110	30911
4111	30912
4112	30913
4113	37172
4114	63335
4115	38972
4116	71357
4117	64197
4118	27926
4119	47452
4120	63587
4121	63879
4122	63098
4123	36222
4124	28013
4125	24841
4126	26623
4127	29668
4128	51998
4129	32559
4130	48399
4131	63974
4132	50879
4133	55780
4134	59192
4135	47878
4136	38949
4137	60451
4138	53175
4139	60321
4140	35437
4141	47991
4142	51927
4143	53620
4144	50519
4145	52889
4146	37786
4147	29266
4148	32829
4149	68910
4150	32475
4151	34672
4152	70157
4153	28193
4154	24798
4155	50296
4156	46720
4157	27456
4158	40774
4159	63756
4160	56659
4161	31572
4162	37732
4163	72258
4164	29561
4165	42751
4166	57441
4167	40475
4168	48674
4169	31590
4170	59586
4171	28132
4172	53906
4173	28143
4174	29595
4175	37173
4176	30914
4177	44163
4178	39731
4179	39500
4180	29874
4181	26064
4182	26195
4183	27878
4184	42445
4185	31356
4186	31357
4187	39644
4188	29122
4189	44070
4190	51310
4191	26820
4192	27879
4193	31358
4194	27880
4195	40898
4196	59066
4197	29004
4198	29005
4199	37320
4200	56961
4201	29006
4202	53219
4203	34586
4204	32594
4205	24572
4206	51398
4207	28576
4208	34673
4209	43872
4210	57878
4211	26821
4212	35106
4213	27457
4214	41654
4215	32981
4216	50857
4217	46931
4218	44921
4219	43961
4220	41477
4221	57613
4222	64887
4223	30996
4224	30828
4225	66191
4226	26065
4227	68520
4228	44699
4229	48714
4230	45544
4231	59587
4232	24842
4233	63727
4234	58916
4235	43388
4236	70174
4237	43230
4238	63880
4239	40158
4240	49941
4241	38007
4242	73493
4243	44156
4244	30053
4245	34558
4246	60891
4247	49134
4248	46001
4249	45545
4250	26066
4251	44994
4252	62363
4253	39376
4254	26822
4255	42270
4256	60903
4257	35455
4258	49729
4259	37733
4260	34105
4261	27968
4262	26572
4263	24843
4264	26823
4265	56560
4266	70927
4267	34923
4268	28615
4269	26687
4270	43389
4271	48814
4272	25405
4273	46533
4274	28931
4275	46326
4276	33108
4277	66860
4278	24828
4279	46262
4280	28387
4281	27235
4282	28061
4283	27881
4284	40836
4285	28062
4286	56117
4287	73431
4288	66717
4289	56794
4290	53746
4291	73250
4292	48706
4293	35369
4294	26824
4295	32595
4296	63918
4297	56136
4298	56137
4299	54263
4300	61204
4301	49667
4302	37348
4303	53374
4304	53426
4305	30148
4306	31011
4307	66132
4308	54620
4309	29503
4310	45298
4311	24829
4312	60452
4313	44467
4314	49409
4315	34372
4316	63099
4317	47163
4318	68776
4319	39260
4320	68453
4321	64454
4322	27911
4323	68581
4324	37053
4325	46885
4326	61205
4327	34170
4328	53196
4329	28093
4330	56395
4331	46694
4332	29183
4333	25519
4334	28691
4335	45417
4336	28300
4337	25867
4338	29007
4339	53180
4340	38562
4341	63945
4342	49410
4343	72838
4344	35965
4345	28053
4346	47183
4347	28692
4348	63881
4349	54092
4350	44427
4351	71289
4352	71053
4353	59045
4354	63244
4355	32164
4356	67660
4357	32625
4358	53790
4359	53197
4360	48901
4361	24903
4362	67296
4363	62115
4364	41407
4365	64888
4366	61136
4367	25321
4368	65056
4369	28413
4370	40994
4371	66177
4372	61411
4373	48135
4374	66686
4375	44797
4376	72272
4377	47184
4378	40872
4379	70674
4380	38737
4381	27957
4382	60061
4383	51821
4384	47282
4385	32165
4386	28125
4387	57490
4388	46142
4389	41907
4390	44674
4391	72816
4392	49411
4393	46932
4394	32684
4395	32512
4396	40899
4397	56404
4398	40900
4399	58519
4400	36992
4401	27340
4402	38473
4403	36062
4404	25672
4405	32317
4406	58445
4407	49830
4408	54364
4409	64455
4410	66214
4411	36993
4412	27432
4413	31265
4414	73494
4415	66497
4416	43844
4417	30497
4418	28473
4419	36893
4420	53399
4421	40291
4422	63598
4423	42772
4424	31909
4425	65816
4426	48796
4427	71986
4428	39632
4429	52849
4430	38247
4431	74523
4432	73251
4433	63320
4434	26067
4435	63801
4436	70204
4437	24977
4438	50401
4439	41627
4440	56973
4441	71568
4442	46125
4443	30722
4444	30723
4445	34300
4446	71569
4447	39261
4448	34789
4449	42339
4450	71964
4451	71613
4452	36008
4453	28693
4454	32951
4455	59972
4456	35058
4457	33726
4458	28986
4459	72470
4460	60796
4461	35086
4462	55372
4463	55373
4464	47857
4465	47858
4466	41388
4467	30865
4468	28144
4469	40159
4470	74524
4471	27236
4472	52787
4473	30433
4474	72936
4475	58917
4476	53281
4477	59227
4478	24844
4479	55916
4480	59100
4481	27237
4482	73252
4483	58943
4484	70410
4485	44189
4486	47337
4487	33579
4488	32830
4489	32575
4490	44995
4491	24201
4492	54232
4493	46682
4494	26545
4495	44129
4496	48722
4497	47727
4498	25322
4499	32022
4500	36864
4501	44071
4502	57178
4503	57179
4504	29240
4505	35682
4506	42586
4507	26825
4508	72587
4509	43768
4510	66546
4511	39821
4512	34976
4513	67184
4514	37787
4515	26245
4516	32626
4517	24731
4518	24732
4519	24733
4520	30054
4521	66393
4522	38314
4523	46802
4524	46886
4525	38751
4526	32787
4527	51462
4528	46887
4529	45299
4530	35391
4531	29206
4532	68359
4533	43065
4534	56022
4535	48136
4536	60797
4537	25346
4538	34506
4539	34674
4540	44205
4541	38072
4542	68105
4543	34171
4544	33657
4545	25990
4546	48633
4547	43912
4548	44798
4549	31070
4550	61559
4551	32192
4552	41512
4553	25133
4554	28646
4555	24845
4556	59279
4557	27940
4558	27941
4559	74300
4560	56677
4561	64846
4562	49349
4563	29446
4564	39412
4565	32166
4566	73946
4567	61609
4568	45028
4569	53320
4570	44583
4571	40775
4572	29447
4573	52338
4574	73208
4575	65245
4576	36873
4577	52929
4578	34373
4579	25823
4580	48552
4581	46419
4582	25134
4583	47819
4584	36647
4585	33480
4586	72951
4587	25406
4588	61346
4589	25135
4590	42821
4591	28577
4592	70246
4593	49365
4594	37788
4595	25323
4596	37734
4597	42446
4598	46803
4599	41955
4600	27836
4601	36648
4602	42943
4603	45387
4604	30498
4605	27458
4606	29184
4607	48428
4608	58617
4609	47961
4610	44934
4611	33481
4612	58263
4613	70705
4614	39732
4615	28578
4616	67173
4617	37255
4618	74593
4619	49644
4620	29448
4621	51370
4622	31677
4623	40901
4624	32831
4625	32560
4626	35438
4627	45758
4628	62903
4629	42829
4630	70675
4631	54313
4632	25439
4633	51111
4634	71054
4635	27912
4636	53626
4637	47820
4638	45223
4639	26826
4640	44130
4641	25407
4642	58944
4643	26590
4644	34160
4645	48634
4646	46378
4647	54833
4648	66498
4649	35456
4650	35478
4651	32167
4652	45453
4653	33196
4654	31918
4655	46211
4656	52988
4657	37986
4658	74525
4659	54551
4660	43580
4661	64847
4662	63675
4663	41962
4664	31012
4665	44543
4666	27341
4667	54185
4668	73947
4669	31808
4670	53859
4671	66544
4672	34675
4673	34676
4674	45300
4675	36346
4676	37412
4677	41797
4678	30246
4679	48400
4680	58004
4681	30434
4682	26068
4683	39860
4684	56795
4685	71358
4686	55638
4687	55639
4688	58393
4689	49366
4690	47489
4691	32203
4692	49955
4693	48611
4694	63659
4695	62143
4696	53124
4697	38622
4698	63623
4699	60400
4700	33215
4701	47845
4702	35554
4703	33346
4704	73295
4705	33141
4706	33229
4707	35411
4708	31766
4709	45260
4710	49542
4711	32576
4712	25549
4713	62650
4714	31862
4715	39783
4716	33727
4717	64972
4718	57491
4719	39248
4720	63495
4721	64326
4722	28145
4723	43329
4724	59175
4725	36663
4726	34459
4727	65304
4728	38226
4729	61715
4730	26358
4731	37987
4732	51695
4733	39126
4734	61019
4735	59872
4736	71055
4737	28579
4738	64357
4739	28388
4740	33077
4741	29669
4742	31809
4743	28932
4744	49543
4745	42117
4746	73495
4747	59873
4748	65559
4749	31771
4750	53023
4751	42685
4752	25324
4753	58325
4754	28966
4755	38553
4756	62640
4757	69896
4758	34336
4759	51696
4760	33242
4761	45247
4762	26827
4763	37440
4764	57364
4765	33142
4766	73253
4767	57537
4768	64604
4769	41550
4770	34507
4771	62904
4772	30915
4773	66586
4774	41074
4775	42480
4776	55850
4777	26250
4778	41284
4779	34924
4780	53835
4781	35392
4782	53375
4783	69068
4784	66587
4785	65305
4786	35853
4787	26828
4788	31398
4789	28036
4790	53304
4791	35768
4792	48254
4793	71635
4794	33482
4795	33483
4796	45856
4797	37321
4798	65635
4799	32425
4800	26667
4801	62385
4802	69132
4803	40391
4804	45029
4805	39934
4806	58945
4807	54834
4808	54721
4809	72204
4810	40257
4811	38437
4812	39262
4813	24734
4814	35514
4815	42340
4816	53220
4817	36347
4818	49754
4819	29754
4820	31380
4821	62479
4822	54974
4823	28679
4824	25408
4825	73830
4826	49369
4827	65994
4828	24846
4829	24847
4830	62955
4831	55282
4832	51905
4833	36127
4834	33766
4835	33728
4836	27459
4837	51805
4838	74301
4839	37988
4840	42903
4841	49281
4842	63130
4843	64101
4844	63218
4845	26169
4846	50197
4847	60062
4848	44730
4849	46327
4850	48137
4851	45473
4852	43264
4853	71928
4854	26069
4855	73739
4856	49544
4857	39055
4858	36148
4859	39682
4860	37691
4861	35898
4862	66942
4863	26196
4864	50563
4865	33729
4866	36128
4867	74528
4868	26829
4869	47502
4870	34374
4871	64021
4872	33347
4873	38160
4874	37840
4875	41408
4876	41798
4877	38315
4878	62810
4879	24848
4880	48172
4881	29304
4882	47609
4883	57661
4884	30197
4885	42165
4886	25168
4887	60923
4888	67492
4889	65817
4890	27847
4891	30836
4892	57472
4893	26830
4894	69184
4895	68904
4896	69185
4897	28204
4898	66292
4899	43460
4900	44468
4901	29764
4902	44657
4903	67493
4904	29082
4905	31678
4906	74467
4907	60033
4908	37474
4909	57762
4910	69347
4911	34259
4912	63136
4913	43134
4914	31013
4915	56796
4916	70849
4917	43824
4918	61020
4919	35089
4920	55440
4921	32569
4922	39611
4923	39612
4924	45353
4925	57014
4926	58682
4927	29349
4928	38576
4929	35854
4930	74433
4931	58683
4932	29596
4933	32701
4934	37219
4935	34790
4936	74395
4937	31506
4938	49217
4939	30916
4940	51749
4941	36811
4942	53907
4943	65210
4944	59815
4945	63069
4946	38183
4947	56741
4948	57568
4949	53679
4950	31418
4951	33022
4952	34375
4953	38796
4954	67852
4955	30353
4956	24916
4957	47453
4958	74374
4959	50044
4960	47879
4961	47610
4962	26170
4963	39525
4964	59228
4965	43093
4966	67869
4967	30866
4968	60691
4969	34775
4970	37735
4971	51999
4972	71056
4973	69531
4974	34677
4975	32204
4976	36967
4977	32318
4978	31134
4979	64026
4980	50721
4981	45777
4982	40855
4983	62480
4984	45671
4985	28694
4986	26070
4987	47503
4988	44894
4989	47254
4990	43511
4991	35041
4992	42364
4993	39039
4994	29391
4995	60998
4996	43461
4997	28218
4998	54314
4999	37136
5000	60536
5001	33962
5002	61371
5003	35700
5004	34161
5005	34678
5006	33484
5007	54315
5008	34732
5009	36149
5010	34733
5011	34734
5012	34735
5013	34736
5014	59229
5015	25297
5016	34172
5017	45857
5018	71492
5019	43243
5020	34009
5021	63253
5022	43244
5023	45338
5024	49998
5025	52000
5026	54431
5027	40292
5028	59773
5029	62456
5030	27969
5031	54777
5032	63106
5033	42365
5034	35602
5035	57191
5036	63946
5037	61242
5038	49312
5039	74303
5040	28477
5041	34376
5042	29449
5043	25676
5044	62201
5045	73254
5046	60630
5047	55186
5048	39421
5049	50623
5050	56933
5051	58541
5052	51568
5053	40565
5054	48470
5055	41295
5056	33963
5057	43873
5058	40566
5059	44248
5060	43512
5061	60393
5062	44042
5063	73255
5064	70850
5065	42447
5066	63893
5067	44292
5068	73516
5069	70599
5070	42935
5071	30917
5072	29849
5073	34133
5074	41191
5075	29408
5076	37966
5077	30247
5078	42587
5079	26831
5080	60063
5081	27460
5082	35581
5083	35724
5084	56852
5085	35059
5086	71570
5087	57535
5088	43462
5089	47846
5090	42137
5091	69849
5092	46002
5093	65686
5094	31882
5095	52361
5096	30248
5097	67202
5098	65147
5099	46726
5100	36086
5101	65782
5102	55703
5103	32459
5104	45030
5105	52505
5106	71240
5107	32982
5108	40392
5109	45879
5110	38623
5111	68737
5112	66051
5113	54712
5114	57379
5115	57799
5116	65818
5117	31087
5118	32085
5119	48716
5120	51889
5121	42777
5122	58894
5123	51527
5124	40776
5125	39547
5126	42700
5127	42632
5128	42633
5129	34377
5130	73433
5131	65385
5132	56528
5133	26359
5134	73134
5135	59816
5136	31507
5137	34010
5138	74385
5139	55717
5140	60987
5141	34378
5142	37137
5143	30918
5144	40567
5145	71313
5146	33638
5147	28933
5148	58195
5149	41628
5150	54876
5151	40883
5152	41478
5153	62057
5154	41799
5155	30249
5156	42507
5157	48938
5158	35314
5159	59349
5160	70129
5161	31204
5162	24278
5163	41075
5164	47560
5165	45438
5166	74642
5167	49956
5168	25202
5169	73450
5170	53613
5171	47847
5172	25440
5173	40014
5174	64083
5175	39471
5176	33984
5177	48361
5178	33526
5179	33023
5180	25409
5181	29083
5182	44403
5183	33970
5184	33971
5185	52506
5186	47338
5187	65174
5188	47898
5189	74594
5190	25995
5191	62839
5192	72133
5193	67856
5194	56076
5195	63583
5196	56731
5197	39831
5198	57200
5199	41400
5200	70882
5201	37027
5202	36894
5203	36762
5204	41976
5205	39733
5206	73831
5207	42740
5208	40088
5209	50597
5210	33620
5211	56354
5212	33621
5213	27461
5214	59740
5215	48026
5216	55781
5217	25238
5218	41576
5219	62177
5220	53250
5221	32896
5222	30919
5223	27342
5224	27462
5225	34679
5226	60401
5227	30115
5228	31847
5229	73256
5230	55402
5231	38227
5232	26071
5233	31000
5234	45031
5235	40469
5236	73950
5237	70706
5238	36112
5239	46420
5240	33395
5241	32168
5242	39784
5243	48280
5244	66662
5245	27463
5246	40693
5247	40856
5248	36734
5249	74602
5250	37890
5251	74534
5252	51463
5253	47283
5254	73832
5255	41296
5256	59442
5257	72230
5258	58542
5259	67185
5260	29905
5261	50950
5262	29450
5263	64726
5264	72516
5265	71197
5266	48317
5267	44131
5268	73833
5269	59350
5270	62698
5271	30920
5272	67791
5273	62699
5274	38582
5275	57457
5276	73257
5277	29597
5278	44016
5279	27433
5280	41655
5281	28414
5282	67297
5283	41409
5284	26534
5285	30499
5286	25752
5287	35469
5288	48180
5289	72976
5290	74468
5291	38797
5292	63676
5293	26072
5294	69815
5295	65373
5296	34479
5297	60034
5298	29008
5299	35457
5300	39452
5301	31055
5302	46784
5303	36664
5304	58196
5305	69715
5306	57257
5307	60655
5308	60945
5309	30774
5310	74376
5311	64027
5312	34680
5313	54438
5314	29906
5315	33639
5316	27464
5317	69842
5318	51311
5319	30250
5320	74535
5321	67954
5322	37396
5323	36479
5324	69863
5325	31001
5326	28743
5327	74536
5328	34995
5329	66863
5330	52259
5331	50951
5332	29598
5333	67134
5334	65183
5335	43303
5336	42047
5337	31797
5338	55941
5339	61673
5340	39439
5341	73564
5342	73409
5343	39001
5344	71589
5345	26073
5346	54450
5347	45032
5348	37499
5349	39645
5350	34379
5351	74539
5352	36735
5353	33303
5354	34559
5355	62134
5356	25169
5357	28633
5358	37356
5359	48184
5360	30833
5361	43845
5362	34243
5363	65359
5364	65184
5365	34791
5366	32144
5367	29325
5368	24776
5369	66499
5370	35769
5371	30623
5372	28094
5373	55574
5374	67278
5375	48318
5376	53627
5377	51312
5378	52507
5379	45481
5380	35529
5381	31411
5382	37841
5383	27434
5384	54637
5385	37605
5386	72187
5387	64633
5388	61135
5389	57258
5390	52795
5391	37842
5392	50464
5393	67216
5394	29504
5395	34544
5396	69748
5397	45430
5398	44249
5399	26832
5400	35339
5401	39077
5402	58543
5403	33767
5404	60909
5405	71842
5406	50952
5407	49755
5408	48401
5409	43485
5410	25753
5411	46867
5412	32086
5413	37220
5414	73050
5415	30477
5416	35458
5417	50600
5418	69405
5419	64889
5420	51526
5421	54503
5422	33580
5423	29123
5424	40476
5425	27238
5426	46636
5427	65306
5428	70851
5429	71467
5430	70852
5431	74062
5432	70853
5433	50366
5434	43932
5435	53836
5436	34587
5437	69532
5438	73497
5439	69716
5440	67119
5441	52861
5442	37281
5443	25754
5444	71763
5445	51677
5446	50402
5447	45834
5448	60742
5449	35813
5450	28857
5451	28680
5452	40902
5453	35515
5454	48566
5455	29599
5456	26074
5457	40903
5458	43269
5459	69239
5460	54240
5461	39107
5462	55562
5463	51750
5464	30775
5465	33622
5466	42588
5467	67240
5468	43399
5469	33096
5470	74316
5471	49015
5472	34460
5473	59973
5474	30369
5475	60402
5476	26833
5477	52294
5478	24662
5479	40072
5480	24544
5481	28546
5482	41629
5483	37843
5484	48041
5485	63919
5486	59125
5487	58394
5488	53024
5489	32476
5490	47654
5491	61021
5492	42209
5493	35725
5494	46373
5495	52804
5496	52001
5497	73836
5498	73837
5499	57632
5500	36467
5501	45021
5502	41994
5503	42508
5504	27958
5505	73258
5506	28205
5507	39413
5508	28242
5509	37692
5510	46982
5511	28243
5512	72188
5513	31848
5514	43348
5515	24934
5516	37938
5517	27465
5518	28168
5519	51399
5520	36480
5521	67581
5522	69018
5523	64890
5524	69610
5525	26573
5526	25071
5527	44722
5528	40665
5529	43165
5530	46263
5531	46888
5532	41977
5533	26009
5534	72161
5535	27239
5536	59992
5537	43652
5538	65687
5539	26688
5540	36396
5541	53507
5542	46889
5543	45301
5544	44858
5545	45302
5546	45703
5547	40477
5548	45303
5549	45304
5550	40478
5551	66840
5552	37441
5553	34153
5554	36223
5555	38798
5556	39501
5557	28301
5558	33189
5559	59959
5560	32169
5561	43978
5562	56314
5563	72373
5564	52200
5565	42310
5566	49756
5567	69877
5568	42463
5569	30776
5570	43636
5571	29009
5572	51934
5573	55851
5574	41076
5575	55852
5576	53747
5577	35686
5578	40555
5579	39734
5580	30478
5581	30759
5582	27217
5583	27206
5584	44996
5585	48567
5586	52805
5587	33044
5588	33143
5589	34055
5590	25034
5591	24302
5592	35107
5593	48268
5594	58020
5595	33333
5596	56631
5597	63793
5598	63794
5599	47504
5600	30116
5601	62983
5602	74542
5603	52806
5604	38438
5605	66687
5606	67217
5607	29670
5608	71130
5609	56962
5610	51659
5611	41920
5612	25968
5613	48255
5614	50905
5615	47613
5616	44231
5617	32796
5618	24760
5619	28169
5620	64948
5621	45546
5622	63275
5623	32797
5624	28262
5625	31266
5626	40293
5627	53837
5628	37256
5629	45989
5630	74544
5631	28263
5632	53838
5633	40594
5634	73385
5635	28495
5636	58326
5637	31591
5638	60453
5639	73410
5640	24761
5641	26420
5642	59982
5643	43463
5644	73498
5645	52392
5646	37138
5647	70062
5648	30370
5649	51569
5650	49757
5651	51112
5652	73608
5653	39263
5654	35945
5655	64746
5656	64701
5657	48568
5658	67494
5659	69309
5660	25072
5661	30777
5662	26834
5663	65435
5664	59930
5665	39573
5666	48489
5667	51751
5668	39574
5669	48490
5670	48491
5671	51113
5672	39575
5673	48492
5674	63357
5675	48493
5676	36129
5677	26591
5678	39576
5679	72189
5680	56765
5681	31324
5682	33045
5683	26592
5684	31700
5685	53888
5686	48822
5687	30524
5688	29074
5689	26421
5690	46810
5691	43024
5692	35855
5693	49016
5694	38470
5695	59142
5696	26422
5697	46313
5698	73476
5699	41077
5700	49545
5701	47831
5702	26423
5703	44544
5704	44834
5705	33334
5706	25315
5707	70325
5708	70326
5709	53167
5710	41434
5711	29671
5712	30046
5713	41761
5714	45920
5715	35459
5716	61282
5717	74304
5718	63215
5719	54031
5720	48281
5721	50870
5722	46516
5723	25729
5724	25073
5725	24663
5726	31369
5727	66500
5728	48282
5729	44584
5730	53970
5731	24664
5732	32266
5733	44347
5734	60280
5735	61331
5736	67241
5737	24615
5738	49869
5739	67242
5740	26251
5741	35546
5742	29875
5743	28580
5744	35013
5745	47467
5746	32669
5747	54860
5748	61347
5749	30371
5750	59295
5751	40568
5752	34319
5753	26424
5754	33516
5755	65436
5756	38920
5757	68807
5758	45022
5759	70601
5760	59552
5761	25298
5762	29010
5763	64848
5764	44404
5765	39377
5766	26044
5767	45722
5768	73147
5769	52508
5770	44733
5771	29334
5772	30837
5773	44469
5774	29409
5775	36063
5776	56797
5777	26425
5778	68060
5779	41669
5780	50732
5781	51952
5782	62364
5783	52850
5784	32205
5785	45180
5786	33530
5787	55731
5788	55400
5789	51621
5790	43486
5791	61022
5792	45033
5793	28744
5794	36365
5795	53680
5796	31883
5797	38907
5798	30747
5799	30748
5800	25635
5801	66677
5802	31728
5803	32439
5804	50403
5805	36670
5806	47043
5807	40666
5808	59042
5809	46933
5810	26426
5811	50680
5812	55263
5813	27882
5814	65585
5815	57978
5816	45009
5817	64122
5818	63479
5819	43426
5820	42815
5821	26343
5822	41182
5823	42638
5824	29562
5825	74006
5826	50028
5827	51716
5828	69816
5829	52118
5830	52119
5831	69817
5832	44953
5833	69425
5834	33361
5835	27343
5836	46917
5837	32091
5838	68632
5839	39889
5840	55964
5841	30525
5842	51603
5843	29850
5844	63358
5845	45439
5846	24685
5847	32983
5848	44123
5849	64293
5850	38316
5851	63093
5852	46035
5853	38411
5854	71590
5855	51752
5856	43167
5857	56632
5858	30867
5859	47255
5860	30885
5861	32952
5862	65819
5863	56210
5864	26835
5865	39423
5866	29817
5867	49546
5868	57473
5869	52303
5870	56618
5871	58505
5872	57492
5873	34320
5874	47655
5875	57474
5876	47505
5877	73434
5878	43933
5879	25493
5880	43752
5881	67279
5882	56118
5883	57763
5884	47869
5885	54680
5886	60035
5887	34173
5888	65688
5889	44178
5890	45248
5891	45249
5892	65901
5893	41944
5894	31135
5895	39264
5896	27466
5897	37475
5898	63384
5899	68061
5900	39378
5901	40904
5902	66394
5903	35274
5904	26427
5905	32477
5906	47284
5907	31037
5908	55120
5909	44895
5910	45281
5911	49768
5912	51114
5913	36150
5914	50473
5915	28581
5916	27467
5917	59009
5918	27344
5919	40479
5920	34094
5921	34011
5922	36598
5923	39861
5924	33238
5925	64123
5926	46789
5927	46790
5928	29765
5929	26428
5930	27468
5931	67203
5932	40535
5933	71783
5934	41078
5935	67495
5936	25653
5937	53482
5938	41800
5939	38593
5940	38594
5941	53198
5942	45277
5943	52284
5944	26252
5945	33544
5946	45370
5947	36224
5948	36853
5949	68542
5950	24735
5951	65789
5952	65790
5953	74480
5954	47656
5955	44103
5956	35358
5957	46354
5958	37578
5959	71991
5960	34681
5961	57979
5962	50025
5963	52807
5964	32369
5965	47832
5966	53361
5967	53362
5968	47154
5969	31633
5970	49039
5971	24690
5972	45749
5973	67298
5974	41192
5975	37989
5976	73682
5977	33730
5978	45408
5979	58341
5980	55704
5981	54264
5982	63042
5983	33230
5984	34508
5985	49381
5986	41079
5987	59560
5988	49182
5989	64891
5990	44835
5991	43967
5992	45403
5993	26180
5994	37606
5995	29383
5996	62890
5997	44470
5998	50624
5999	45278
6000	38914
6001	48351
6002	70752
6003	70206
6004	63359
6005	27240
6006	48449
6007	32675
6008	74076
6009	26075
6010	70064
6011	57458
6012	69960
6013	38950
6014	64973
6015	58197
6016	62127
6017	42220
6018	47657
6019	51464
6020	68521
6021	47859
6022	41193
6023	31573
6024	53125
6025	36599
6026	24421
6027	37388
6028	62202
6029	45250
6030	26429
6031	52348
6032	63084
6033	46791
6034	49581
6035	31776
6036	40837
6037	71591
6038	62058
6039	70065
6040	26430
6041	35315
6042	30724
6043	62334
6044	60326
6045	26431
6046	25459
6047	66006
6048	38859
6049	34682
6050	34683
6051	44859
6052	34684
6053	55314
6054	26076
6055	28302
6056	44585
6057	64131
6058	74481
6059	61749
6060	70854
6061	60968
6062	26253
6063	59067
6064	28967
6065	50540
6066	32370
6067	32371
6068	38973
6069	73718
6070	36463
6071	60523
6072	72312
6073	28415
6074	70855
6075	66192
6076	43632
6077	48980
6078	64267
6079	56991
6080	28752
6081	41000
6082	48086
6083	54349
6084	48372
6085	61774
6086	28170
6087	45261
6088	42789
6089	31309
6090	28054
6091	57353
6092	49183
6093	34776
6094	62264
6095	63085
6096	42103
6097	59648
6098	39566
6099	64114
6100	33972
6101	26689
6102	66135
6103	36707
6104	44209
6105	38518
6106	60291
6107	60292
6108	53199
6109	53221
6110	54265
6111	55624
6112	29212
6113	56315
6114	59068
6115	29213
6116	39472
6117	30179
6118	48319
6119	72323
6120	46196
6121	30578
6122	52796
6123	65802
6124	26836
6125	62905
6126	60333
6127	29818
6128	38217
6129	29410
6130	55506
6131	67496
6132	28416
6133	47548
6134	33691
6135	30372
6136	43802
6137	63947
6138	72483
6139	34902
6140	41304
6141	55187
6142	49645
6143	52922
6144	54609
6145	50777
6146	25755
6147	29011
6148	31746
6149	35618
6150	74143
6151	37763
6152	33561
6153	36029
6154	45289
6155	37025
6156	70603
6157	57705
6158	58895
6159	37092
6160	31537
6161	49430
6162	65546
6163	56316
6164	24799
6165	35890
6166	73719
6167	45279
6168	74469
6169	50739
6170	48283
6171	58021
6172	31088
6173	54222
6174	30706
6175	67218
6176	74552
6177	67017
6178	49467
6179	63385
6180	48269
6181	49081
6182	28389
6183	63100
6184	69864
6185	35460
6186	66061
6187	48997
6188	74553
6189	70856
6190	37442
6191	29185
6192	72909
6193	41548
6194	44218
6195	30886
6196	64917
6197	64918
6198	59469
6199	33294
6200	25636
6201	25756
6202	26077
6203	26432
6204	64549
6205	36895
6206	59694
6207	45305
6208	70933
6209	44860
6210	44861
6211	42015
6212	33144
6213	37500
6214	59853
6215	41410
6216	46143
6217	54365
6218	71059
6219	55853
6220	39526
6221	43487
6222	26433
6223	26837
6224	67746
6225	43682
6226	59010
6227	26028
6228	26838
6229	42016
6230	48138
6231	56432
6232	33584
6233	43810
6234	48569
6235	54445
6236	35439
6237	37660
6238	26434
6239	39137
6240	58035
6241	63624
6242	74554
6243	26435
6244	35440
6245	61755
6246	43298
6247	26436
6248	57569
6249	36719
6250	37040
6251	43625
6252	32788
6253	50003
6254	43910
6255	59470
6256	35707
6257	67243
6258	59471
6259	44017
6260	32910
6261	53733
6262	59702
6263	40777
6264	72649
6265	45778
6266	61982
6267	45034
6268	26437
6269	36468
6270	69178
6271	30251
6272	63227
6273	70066
6274	70067
6275	29563
6276	37282
6277	35004
6278	56992
6279	49108
6280	55383
6281	51753
6282	45962
6283	36436
6284	52509
6285	55575
6286	36442
6287	27469
6288	41080
6289	25868
6290	53866
6291	39548
6292	38248
6293	53458
6294	67219
6295	29876
6296	59126
6297	50304
6298	53459
6299	69034
6300	45010
6301	30373
6302	38439
6303	58918
6304	74377
6305	56317
6306	26438
6307	29214
6308	43834
6309	45529
6310	58999
6311	43094
6312	61348
6313	27241
6314	27345
6315	55621
6316	29564
6317	29864
6318	39265
6319	37713
6320	53097
6321	36671
6322	30455
6323	29355
6324	65956
6325	53376
6326	52056
6327	33993
6328	70753
6329	73260
6330	25757
6331	25758
6332	25759
6333	26839
6334	67747
6335	26439
6336	54592
6337	38101
6338	28871
6339	34925
6340	58544
6341	52510
6342	63920
6343	45233
6344	25325
6345	45243
6346	27435
6347	26840
6348	45603
6349	49851
6350	72650
6351	45604
6352	54567
6353	46036
6354	38073
6355	39633
6356	39634
6357	39635
6358	39636
6359	74555
6360	26841
6361	37034
6362	27309
6363	40667
6364	72190
6365	34301
6366	74305
6367	52113
6368	51971
6369	59780
6370	69717
6371	68569
6372	27242
6373	47285
6374	49184
6375	58684
6376	27319
6377	51359
6378	25170
6379	49376
6380	37797
6381	40294
6382	38008
6383	54366
6384	38595
6385	50386
6386	66832
6387	47454
6388	46291
6389	74438
6390	38596
6391	31038
6392	74439
6393	34061
6394	36522
6395	59421
6396	68811
6397	34977
6398	68570
6399	52393
6400	61990
6401	62428
6402	24316
6403	61669
6404	53654
6405	57259
6406	36526
6407	45306
6408	39026
6409	44190
6410	45307
6411	57111
6412	72471
6413	29384
6414	34062
6415	26045
6416	45723
6417	29565
6418	46255
6419	53342
6420	53025
6421	62340
6422	73720
6423	56023
6424	28763
6425	70754
6426	34926
6427	26078
6428	74440
6429	32627
6430	28014
6431	45468
6432	65599
6433	63563
6434	33265
6435	31211
6436	57793
6437	53708
6438	39902
6439	37308
6440	31267
6441	50004
6442	31962
6443	53479
6444	34726
6445	35992
6446	52394
6447	69406
6448	24279
6449	71897
6450	60064
6451	71898
6452	35509
6453	48908
6454	35610
6455	73265
6456	26842
6457	54316
6458	40668
6459	34626
6460	33768
6461	34485
6462	26254
6463	67525
6464	47426
6465	26338
6466	42124
6467	28303
6468	29505
6469	56766
6470	73162
6471	58620
6472	29350
6473	52511
6474	71899
6475	51360
6476	26079
6477	74195
6478	54794
6479	29411
6480	66136
6481	34162
6482	46254
6483	51962
6484	59649
6485	32628
6486	34012
6487	44312
6488	44145
6489	45035
6490	41695
6491	25760
6492	43192
6493	69142
6494	28621
6495	50137
6496	36819
6497	24305
6498	24691
6499	40054
6500	26440
6501	32913
6502	58157
6503	58158
6504	34978
6505	28858
6506	28015
6507	50541
6508	31089
6509	29506
6510	56732
6511	32206
6512	45979
6513	74556
6514	24381
6515	26441
6516	38317
6517	42589
6518	26546
6519	44447
6520	49313
6521	26547
6522	24849
6523	58070
6524	28171
6525	70068
6526	57524
6527	44629
6528	25761
6529	60293
6530	25762
6531	69187
6532	41670
6533	71900
6534	25763
6535	31963
6536	39646
6537	46769
6538	24850
6539	41479
6540	41480
6541	26548
6542	49779
6543	28753
6544	70178
6545	58741
6546	38106
6547	28641
6548	69407
6549	29012
6550	45036
6551	36379
6552	73519
6553	51237
6554	35856
6555	50625
6556	39935
6557	33692
6558	42048
6559	26843
6560	53908
6561	24978
6562	24979
6563	73954
6564	64358
6565	71864
6566	34260
6567	34380
6568	43058
6569	49504
6570	25660
6571	25661
6572	40601
6573	26080
6574	26690
6575	34063
6576	63360
6577	47870
6578	45779
6579	45037
6580	69019
6581	35354
6582	28872
6583	25397
6584	57633
6585	53328
6586	49505
6587	70857
6588	49185
6589	30826
6590	24800
6591	29507
6592	72313
6593	35902
6594	46727
6595	67220
6596	41036
6597	31419
6598	53427
6599	42861
6600	25171
6601	31090
6602	45038
6603	63258
6604	45204
6605	25172
6606	34649
6607	28548
6608	67497
6609	74470
6610	34381
6611	31849
6612	26844
6613	60442
6614	50704
6615	63715
6616	26081
6617	67244
6618	39440
6619	52512
6620	26442
6621	34064
6622	67245
6623	26443
6624	33769
6625	70858
6626	30838
6627	33833
6628	37947
6629	68078
6630	47628
6631	71764
6632	26845
6633	68011
6634	30333
6635	74558
6636	73317
6637	57525
6638	27243
6639	49186
6640	50069
6641	31524
6642	41577
6643	28934
6644	67187
6645	25764
6646	49114
6647	37742
6648	57229
6649	70859
6650	70860
6651	55188
6652	61206
6653	27408
6654	37743
6655	74559
6656	59193
6657	57779
6658	41183
6659	27175
6660	48939
6661	26444
6662	58545
6663	54520
6664	31325
6665	50364
6666	34903
6667	34904
6668	47506
6669	43846
6670	73956
6671	49468
6672	49308
6673	65547
6674	26846
6675	46144
6676	60036
6677	35646
6678	37174
6679	36896
6680	34792
6681	51307
6682	44112
6683	62707
6684	66193
6685	45126
6686	42481
6687	25869
6688	44776
6689	71865
6690	63159
6691	34659
6692	38817
6693	61011
6694	43513
6695	59202
6696	45262
6697	42423
6698	59448
6699	29100
6700	66395
6701	25107
6702	49314
6703	32897
6704	29451
6705	67305
6706	37310
6707	37764
6708	44113
6709	52386
6710	33046
6711	26395
6712	49187
6713	33731
6714	51453
6715	36600
6716	35530
6717	28095
6718	63126
6719	36788
6720	31136
6721	33640
6722	45039
6723	33834
6724	36572
6725	31810
6726	33835
6727	49267
6728	34979
6729	38086
6730	37534
6731	51728
6732	24665
6733	32445
6734	37221
6735	25326
6736	24736
6737	28771
6738	26396
6739	74396
6740	50618
6741	68539
6742	58026
6743	68540
6744	34065
6745	36601
6746	62356
6747	57706
6748	29101
6749	71753
6750	63389
6751	36812
6752	53518
6753	48450
6754	55121
6755	24317
6756	71638
6757	36972
6758	30334
6759	45339
6760	52285
6761	65820
6762	67583
6763	59854
6764	63757
6765	36897
6766	63259
6767	31811
6768	49506
6769	47228
6770	69680
6771	59993
6772	43825
6773	42983
6774	35007
6775	59351
6776	72026
6777	29356
6778	33109
6779	50351
6780	53026
6781	54889
6782	55640
6783	31091
6784	40393
6785	50100
6786	53757
6787	33658
6788	35555
6789	62429
6790	60707
6791	32275
6792	58229
6793	47658
6794	40624
6795	53614
6796	52513
6797	29013
6798	27970
6799	69386
6800	68919
6801	36348
6802	30778
6803	49188
6804	40480
6805	50342
6806	57764
6807	24382
6808	39427
6809	33243
6810	34214
6811	58665
6812	39266
6813	30579
6814	46997
6815	29351
6816	59781
6817	43698
6818	59782
6819	73480
6820	68906
6821	33145
6822	29186
6823	56069
6824	34509
6825	52514
6826	69984
6827	39231
6828	68063
6829	48691
6830	54151
6831	69350
6832	40669
6833	59382
6834	33888
6835	60634
6836	70207
6837	52515
6838	25969
6839	37579
6840	37580
6841	60855
6842	56193
6843	48709
6844	38107
6845	71920
6846	43390
6847	31679
6848	40649
6849	26445
6850	47286
6851	43051
6852	24980
6853	49082
6854	67607
6855	31964
6856	42590
6857	48723
6858	24241
6859	34777
6860	65339
6861	38318
6862	26171
6863	63160
6864	25347
6865	57140
6866	67246
6867	53748
6868	31381
6869	36113
6870	33304
6871	47750
6872	29907
6873	32329
6874	71314
6875	69718
6876	36573
6877	32050
6878	63670
6879	49269
6880	32415
6881	32416
6882	32417
6883	33047
6884	63049
6885	33545
6886	71942
6887	26847
6888	58742
6889	38108
6890	68360
6891	63796
6892	39215
6893	42862
6894	27971
6895	29124
6896	36420
6897	62085
6898	26691
6899	45409
6900	70179
6901	24851
6902	51465
6903	45724
6904	33266
6905	73957
6906	34382
6907	67584
6908	40865
6909	36994
6910	35289
6911	35857
6912	53904
6913	56720
6914	67585
6915	26446
6916	32588
6917	24935
6918	54350
6919	64376
6920	26223
6921	52984
6922	43245
6923	28901
6924	29249
6925	42181
6926	49046
6927	35020
6928	65902
6929	46792
6930	73958
6931	43817
6932	29957
6933	42936
6934	46112
6935	58546
6936	46120
6937	64208
6938	62144
6939	26172
6940	52516
6941	41174
6942	48660
6943	50045
6944	28096
6945	41435
6946	59645
6947	45040
6948	68361
6949	55083
6950	71060
6951	42886
6952	38860
6953	45360
6954	29014
6955	66728
6956	44768
6957	53501
6958	41762
6959	33641
6960	37016
6961	38674
6962	55836
6963	38675
6964	26318
6965	35858
6966	46328
6967	42049
6968	44810
6969	28695
6970	51754
6971	47659
6972	27470
6973	38109
6974	27189
6975	51466
6976	69069
6977	53558
6978	26082
6979	29831
6980	39078
6981	24242
6982	24243
6983	43324
6984	57570
6985	32207
6986	68362
6987	25271
6988	31923
6989	44586
6990	25272
6991	57958
6992	66470
6993	33925
6994	38861
6995	25944
6996	25945
6997	37501
6998	31479
6999	30354
7000	30779
7001	42138
7002	27190
7003	30868
7004	44440
7005	39267
7006	61983
7007	30090
7008	45041
7009	39220
7010	27471
7011	72231
7012	49776
7013	26593
7014	26594
7015	31732
7016	28987
7017	33623
7018	59994
7019	72718
7020	70371
7021	46124
7022	30435
7023	56143
7024	25299
7025	30780
7026	70073
7027	42182
7028	45750
7029	65307
7030	25765
7031	34244
7032	56546
7033	26447
7034	31345
7035	74286
7036	32478
7037	42818
7038	64347
7039	29187
7040	40295
7041	28806
7042	74193
7043	47785
7044	47471
7045	46387
7046	53465
7047	32748
7048	39502
7049	57260
7050	46622
7051	33732
7052	27472
7053	50404
7054	55084
7055	46623
7056	67018
7057	70074
7058	43447
7059	61610
7060	45042
7061	29188
7062	73135
7063	38096
7064	45474
7065	61412
7066	56798
7067	29877
7068	30467
7069	44734
7070	55801
7071	38820
7072	28935
7073	68408
7074	73838
7075	44806
7076	29385
7077	40481
7078	72997
7079	74228
7080	56619
7081	40650
7082	73960
7083	47240
7084	25982
7085	67897
7086	37454
7087	60294
7088	37744
7089	46188
7090	43413
7091	59974
7092	40625
7093	41710
7094	31772
7095	62481
7096	42247
7097	37139
7098	34758
7099	69354
7100	43622
7101	50018
7102	27883
7103	48256
7104	73522
7105	43847
7106	34862
7107	30180
7108	70075
7109	58946
7110	55576
7111	49937
7112	53681
7113	60856
7114	57015
7115	33978
7116	40548
7117	62297
7118	37607
7119	25677
7120	53321
7121	49910
7122	48375
7123	73266
7124	73961
7125	27346
7126	57261
7127	45043
7128	24904
7129	58395
7130	30550
7131	53766
7132	74106
7133	44946
7134	59187
7135	31872
7136	49350
7137	44924
7138	57451
7139	62430
7140	58643
7141	28304
7142	39360
7143	34383
7144	53725
7145	51755
7146	51756
7147	28055
7148	68994
7149	31839
7150	68995
7151	28837
7152	30624
7153	42591
7154	42592
7155	26448
7156	29878
7157	38941
7158	33362
7159	60454
7160	61243
7161	35619
7162	70416
7163	69749
7164	31525
7165	49787
7166	29766
7167	37608
7168	34828
7169	27884
7170	58514
7171	53867
7172	39150
7173	29566
7174	31092
7175	32352
7176	66534
7177	54093
7178	52002
7179	33110
7180	44428
7181	27422
7182	54419
7183	48257
7184	28831
7185	66644
7186	68393
7187	32208
7188	25273
7189	46374
7190	39834
7191	28468
7192	50778
7193	62386
7194	29672
7195	26848
7196	46624
7197	36428
7198	30479
7199	50282
7200	37127
7201	72840
7202	65133
7203	31212
7204	49469
7205	31213
7206	56085
7207	31326
7208	31327
7209	53403
7210	26549
7211	63298
7212	63299
7213	49490
7214	42593
7215	63692
7216	36130
7217	38821
7218	36225
7219	25766
7220	44896
7221	66145
7222	32301
7223	44279
7224	59841
7225	59703
7226	24666
7227	45677
7228	62984
7229	30101
7230	29673
7231	60850
7232	60851
7233	43135
7234	59320
7235	29832
7236	34927
7237	36874
7238	70934
7239	55033
7240	53310
7241	24852
7242	54942
7243	64456
7244	44114
7245	28063
7246	39079
7247	45547
7248	45181
7249	30198
7250	47796
7251	28859
7252	34545
7253	31328
7254	31329
7255	29600
7256	62487
7257	25161
7258	72208
7259	73298
7260	57262
7261	28097
7262	39735
7263	25637
7264	44083
7265	44084
7266	44429
7267	47507
7268	36151
7269	55250
7270	40730
7271	59804
7272	42509
7273	73525
7274	45678
7275	37765
7276	29452
7277	41843
7278	24981
7279	72191
7280	25485
7281	53329
7282	47916
7283	74454
7284	56211
7285	27473
7286	72367
7287	26449
7288	25662
7289	63625
7290	55251
7291	40055
7292	33836
7293	57662
7294	60501
7295	41031
7296	43427
7297	43428
7298	47638
7299	63016
7300	30891
7301	34768
7302	34769
7303	63276
7304	67052
7305	55625
7306	42290
7307	42291
7308	70935
7309	39056
7310	37693
7311	49574
7312	49189
7313	49382
7314	31884
7315	52362
7316	49315
7317	41711
7318	29215
7319	35316
7320	25494
7321	58109
7322	34245
7323	63721
7324	64661
7325	63790
7326	62891
7327	51186
7328	38280
7329	33546
7330	58048
7331	45388
7332	41447
7333	45218
7334	42834
7335	53655
7336	47719
7337	30374
7338	50645
7339	50963
7340	50964
7341	30375
7342	26450
7343	42835
7344	51361
7345	66052
7346	51681
7347	25533
7348	51371
7349	24692
7350	32319
7351	69902
7352	65636
7353	34486
7354	52930
7355	25098
7356	34106
7357	62357
7358	39040
7359	37035
7360	63948
7361	55269
7362	67752
7363	57794
7364	65600
7365	65601
7366	28523
7367	47550
7368	47886
7369	25225
7370	26692
7371	55942
7372	48402
7373	47108
7374	29352
7375	29015
7376	40536
7377	28290
7378	35317
7379	34384
7380	39428
7381	26849
7382	27244
7383	45548
7384	38110
7385	26255
7386	39619
7387	25136
7388	29016
7389	37175
7390	32749
7391	73081
7392	68860
7393	48534
7394	26850
7395	53027
7396	43349
7397	38752
7398	29017
7399	59069
7400	73646
7401	62488
7402	49256
7403	47455
7404	39712
7405	58947
7406	38753
7407	28496
7408	64830
7409	50387
7410	74564
7411	27972
7412	28649
7413	74565
7414	46583
7415	64831
7416	25870
7417	55321
7418	63277
7419	59352
7420	30658
7421	57016
7422	74455
7423	60403
7424	24905
7425	44654
7426	52194
7427	32209
7428	36708
7429	45625
7430	33659
7431	53984
7432	39268
7433	49153
7434	50566
7435	35907
7436	29189
7437	50138
7438	41964
7439	33757
7440	69035
7441	55965
7442	43194
7443	35318
7444	37990
7445	24482
7446	59430
7447	26083
7448	71992
7449	34066
7450	40873
7451	37197
7452	58657
7453	27245
7454	66566
7455	40296
7456	48185
7457	61307
7458	52999
7459	25348
7460	46665
7461	30076
7462	59863
7463	39185
7464	58913
7465	62979
7466	53076
7467	39882
7468	47185
7469	60057
7470	32750
7471	69850
7472	36030
7473	26360
7474	55966
7475	29190
7476	67748
7477	28305
7478	64756
7479	69310
7480	50139
7481	28696
7482	38754
7483	50907
7484	50908
7485	37257
7486	37258
7487	54351
7488	30252
7489	58547
7490	25108
7491	49507
7492	64177
7493	40778
7494	56439
7495	72610
7496	39708
7497	36429
7498	41801
7499	26451
7500	40740
7501	34893
7502	41081
7503	40394
7504	58198
7505	45507
7506	50575
7507	60553
7508	54219
7509	32832
7510	71260
7511	37661
7512	54035
7513	39151
7514	59509
7515	63127
7516	59646
7517	38755
7518	57980
7519	38756
7520	38757
7521	44259
7522	58071
7523	46189
7524	46190
7525	43246
7526	29767
7527	41469
7528	46556
7529	30154
7530	68332
7531	35942
7532	70861
7533	46557
7534	55749
7535	49383
7536	65951
7537	50779
7538	25349
7539	65458
7540	29497
7541	46299
7542	62086
7543	30711
7544	69764
7545	63480
7546	41082
7547	34451
7548	37361
7549	62341
7550	32751
7551	63983
7552	52091
7553	71754
7554	68363
7555	69311
7556	41194
7557	25638
7558	61589
7559	69036
7560	33318
7561	70979
7562	29424
7563	58464
7564	47508
7565	59510
7566	32969
7567	48206
7568	31214
7569	31777
7570	71816
7571	64684
7572	38822
7573	70180
7574	37502
7575	60857
7576	70181
7577	45549
7578	45550
7579	35859
7580	43737
7581	37176
7582	69750
7583	40962
7584	26452
7585	43195
7586	45440
7587	28206
7588	73215
7589	24853
7590	25035
7591	33585
7592	56340
7593	38087
7594	56341
7595	30580
7596	66359
7597	27474
7598	57392
7599	56433
7600	62011
7601	28194
7602	43270
7603	47427
7604	73675
7605	25663
7606	41640
7607	33277
7608	52177
7609	37177
7610	26361
7611	44897
7612	35441
7613	40537
7614	26084
7615	41671
7616	57263
7617	39944
7618	34261
7619	39269
7620	47544
7621	58342
7622	38288
7623	71935
7624	49870
7625	72297
7626	39138
7627	42311
7628	45835
7629	65957
7630	27347
7631	28497
7632	55626
7633	53959
7634	49547
7635	47797
7636	45551
7637	40015
7638	33926
7639	33197
7640	53656
7641	53657
7642	26851
7643	47541
7644	33202
7645	29567
7646	44365
7647	44366
7648	62192
7649	63107
7650	70980
7651	63728
7652	28244
7653	46421
7654	38991
7655	64949
7656	24346
7657	28968
7658	28893
7659	59498
7660	34510
7661	36527
7662	73502
7663	32690
7664	32731
7665	67871
7666	36789
7667	59070
7668	35359
7669	67611
7670	31754
7671	35347
7672	60351
7673	61244
7674	70080
7675	28172
7676	35319
7677	49249
7678	57707
7679	40741
7680	37806
7681	66928
7682	68364
7683	28672
7684	31812
7685	24347
7686	30030
7687	49083
7688	54079
7689	43835
7690	44675
7691	46637
7692	74378
7693	48868
7694	26085
7695	44676
7696	46973
7697	61295
7698	61245
7699	41339
7700	42210
7701	24562
7702	33606
7703	30456
7704	34880
7705	35320
7706	52982
7707	29236
7708	68885
7709	69144
7710	38597
7711	50101
7712	39080
7713	42359
7714	69107
7715	37803
7716	41859
7717	53909
7718	53483
7719	42580
7720	26086
7721	48731
7722	65658
7723	47555
7724	65929
7725	54367
7726	30625
7727	50343
7728	33677
7729	49316
7730	32145
7731	60858
7732	49340
7733	64770
7734	40971
7735	40972
7736	69831
7737	47509
7738	33927
7739	66929
7740	60962
7741	42913
7742	64680
7743	68507
7744	72259
7745	29508
7746	47031
7747	43271
7748	32584
7749	43610
7750	31942
7751	64892
7752	28152
7753	40437
7754	39414
7755	52290
7756	64974
7757	38563
7758	72192
7759	66053
7760	69408
7761	53545
7762	45626
7763	26595
7764	26596
7765	26693
7766	72283
7767	47833
7768	35531
7769	36481
7770	59046
7771	32752
7772	50987
7773	50988
7774	53636
7775	64132
7776	73503
7777	41340
7778	71639
7779	54006
7780	54007
7781	46701
7782	30526
7783	46517
7784	39270
7785	65689
7786	64294
7787	55340
7788	27287
7789	30055
7790	47751
7791	35687
7792	35688
7793	26852
7794	26853
7795	38758
7796	60037
7797	70679
7798	69889
7799	25226
7800	27475
7801	30538
7802	45929
7803	30158
7804	39549
7805	73760
7806	39717
7807	59817
7808	38909
7809	43611
7810	26854
7811	60038
7812	38498
7813	29958
7814	46145
7815	26087
7816	25767
7817	35340
7818	63588
7819	67987
7820	69356
7821	34223
7822	46815
7823	25480
7824	33436
7825	33437
7826	56074
7827	59732
7828	52154
7829	39736
7830	74567
7831	55967
7832	48442
7833	56662
7834	74317
7835	60798
7836	51467
7837	46027
7838	66160
7839	49317
7840	72472
7841	30199
7842	55782
7843	32984
7844	56615
7845	31137
7846	30126
7847	34013
7848	37140
7849	24783
7850	60039
7851	35321
7852	35524
7853	28697
7854	27476
7855	48535
7856	66620
7857	38275
7858	70767
7859	30436
7860	56418
7861	32711
7862	32785
7863	61967
7864	39234
7865	33205
7866	42017
7867	60327
7868	26173
7869	42125
7870	55441
7871	33273
7872	37201
7873	27477
7874	68936
7875	37433
7876	34588
7877	56440
7878	58313
7879	42424
7880	63858
7881	64214
7882	61296
7883	54352
7884	31056
7885	38951
7886	47472
7887	44735
7888	60345
7889	59783
7890	26088
7891	26855
7892	31701
7893	29601
7894	25410
7895	45044
7896	36686
7897	68204
7898	39379
7899	67833
7900	72028
7901	30004
7902	30005
7903	32426
7904	71172
7905	26362
7906	32353
7907	40413
7908	41323
7909	29959
7910	32629
7911	40414
7912	38952
7913	54884
7914	37503
7915	58548
7916	43266
7917	56419
7918	26574
7919	30376
7920	58088
7921	71382
7922	26856
7923	43429
7924	36528
7925	51409
7926	71261
7927	42680
7928	46028
7929	39380
7930	39862
7931	30253
7932	27348
7933	37504
7934	28498
7935	62985
7936	50140
7937	40973
7938	38319
7939	26003
7940	33624
7941	33625
7942	53377
7943	63386
7944	74568
7945	31555
7946	49646
7947	49575
7948	53601
7949	74570
7950	26347
7951	28860
7952	28658
7953	55926
7954	24490
7955	57708
7956	38862
7957	47256
7958	45508
7959	72193
7960	48198
7961	51064
7962	53547
7963	37904
7964	41481
7965	29453
7966	47934
7967	64457
7968	37905
7969	43272
7970	44260
7971	58458
7972	63043
7973	40499
7974	54885
7975	32924
7976	32753
7977	25684
7978	29267
7979	70862
7980	58529
7981	50198
7982	25300
7983	28390
7984	34727
7985	69963
7986	50241
7987	69964
7988	69965
7989	69966
7990	39785
7991	44954
7992	51622
7993	72653
7994	61246
7995	55010
7996	69967
7997	69968
7998	66215
7999	69969
8000	69970
8001	52517
8002	26645
8003	36152
8004	31702
8005	24106
8006	37694
8007	55533
8008	34034
8009	39527
8010	58549
8011	42863
8012	26089
8013	50661
8014	70768
8015	59553
8016	41482
8017	52048
8018	40974
8019	34832
8020	37629
8021	45509
8022	51729
8023	26857
8024	28745
8025	56993
8026	31782
8027	72358
8028	26858
8029	33642
8030	51549
8031	38111
8032	63433
8033	71154
8034	30159
8035	37662
8036	37663
8037	34589
8038	33733
8039	37259
8040	33048
8041	56396
8042	43959
8043	58550
8044	35108
8045	52107
8046	55577
8047	33770
8048	68079
8049	41641
8050	58551
8051	35516
8052	58685
8053	24290
8054	62906
8055	74472
8056	33503
8057	48536
8058	47218
8059	50070
8060	35418
8061	62298
8062	32833
8063	34590
8064	24291
8065	24292
8066	27478
8067	40177
8068	69865
8069	61597
8070	34778
8071	63671
8072	48207
8073	26256
8074	45883
8075	46546
8076	52132
8077	36114
8078	49270
8079	46998
8080	44367
8081	42956
8082	68100
8083	52304
8084	38676
8085	51239
8086	25282
8087	28969
8088	74571
8089	35694
8090	71262
8091	26453
8092	25520
8093	54644
8094	34511
8095	73268
8096	71482
8097	58930
8098	34385
8099	32030
8100	37505
8101	40160
8102	52395
8103	33372
8104	32985
8105	37292
8106	74572
8107	38412
8108	42312
8109	73966
8110	41178
8111	47109
8112	28409
8113	32446
8114	34963
8115	41688
8116	48173
8117	66629
8118	51822
8119	38875
8120	38876
8121	29908
8122	54769
8123	33837
8124	64550
8125	65678
8126	49094
8127	62358
8128	29851
8129	28790
8130	47155
8131	28008
8132	30200
8133	45510
8134	52260
8135	29852
8136	48553
8137	58530
8138	34321
8139	41055
8140	31310
8141	35393
8142	32210
8143	32339
8144	36745
8145	32340
8146	38396
8147	44413
8148	55854
8149	55855
8150	41483
8151	45045
8152	32726
8153	32732
8154	43400
8155	28138
8156	40093
8157	62021
8158	55411
8159	54713
8160	42957
8161	50601
8162	67280
8163	61611
8164	55705
8165	32331
8166	56119
8167	49852
8168	48737
8169	48233
8170	48234
8171	41484
8172	58552
8173	27848
8174	44414
8175	29509
8176	29412
8177	62967
8178	29084
8179	71640
8180	42864
8181	53581
8182	29454
8183	55298
8184	34246
8185	71298
8186	36443
8187	48958
8188	72415
8189	27191
8190	27192
8191	27193
8192	45354
8193	71594
8194	51468
8195	37428
8196	41411
8197	49668
8198	49124
8199	56830
8200	62686
8201	42341
8202	52469
8203	24854
8204	61612
8205	60065
8206	60295
8207	26859
8208	58686
8209	38823
8210	65223
8211	63882
8212	58199
8213	25592
8214	25871
8215	61178
8216	55362
8217	49647
8218	52204
8219	52261
8220	68481
8221	58277
8222	46702
8223	68739
8224	49226
8225	26257
8226	42430
8227	38112
8228	44982
8229	71062
8230	65361
8231	44662
8232	44983
8233	66271
8234	29386
8235	25966
8236	63387
8237	64674
8238	53910
8239	72038
8240	55611
8241	34685
8242	46088
8243	30160
8244	42510
8245	62661
8246	66937
8247	40905
8248	56145
8249	29879
8250	70769
8251	51823
8252	73721
8253	55840
8254	66194
8255	27349
8256	73967
8257	49911
8258	37844
8259	73968
8260	26397
8261	32973
8262	26398
8263	57571
8264	39271
8265	57264
8266	39235
8267	26860
8268	68880
8269	40874
8270	54645
8271	36672
8272	74573
8273	26861
8274	31215
8275	42264
8276	49838
8277	45552
8278	45553
8279	32372
8280	32834
8281	42511
8282	53322
8283	40875
8284	65219
8285	25550
8286	33504
8287	33505
8288	38413
8289	42190
8290	38043
8291	71063
8292	67586
8293	40626
8294	57422
8295	47660
8296	31943
8297	29602
8298	59776
8299	43025
8300	43683
8301	54368
8302	56799
8303	33889
8304	53077
8305	58687
8306	49190
8307	27246
8308	36565
8309	72854
8310	28478
8311	43612
8312	56441
8313	34452
8314	34067
8315	31904
8316	43979
8317	28527
8318	70863
8319	36865
8320	60296
8321	66216
8322	26862
8323	62773
8324	26454
8325	34068
8326	26863
8327	28549
8328	56442
8329	48695
8330	36482
8331	52808
8332	27479
8333	49740
8334	50257
8335	46793
8336	42964
8337	32079
8338	39081
8339	42313
8340	68156
8341	26529
8342	71878
8343	67387
8344	39689
8345	35109
8346	35668
8347	42248
8348	53113
8349	70372
8350	40094
8351	73867
8352	44587
8353	46823
8354	48780
8355	40297
8356	26864
8357	57265
8358	27480
8359	60439
8360	52518
8361	67732
8362	71345
8363	38249
8364	30781
8365	57972
8366	64919
8367	45145
8368	67587
8369	51811
8370	63614
8371	54714
8372	57266
8373	57267
8374	37322
8375	70864
8376	26646
8377	39936
8378	39272
8379	58159
8380	46082
8381	50242
8382	25433
8383	73855
8384	29018
8385	38276
8386	37115
8387	40235
8388	35406
8389	33838
8390	60999
8391	42937
8392	26090
8393	64531
8394	50086
8395	67988
8396	67955
8397	48042
8398	31480
8399	32460
8400	64084
8401	29455
8402	44368
8403	25593
8404	48417
8405	29456
8406	27288
8407	72877
8408	27481
8409	61207
8410	49115
8411	55069
8412	55070
8413	43330
8414	34996
8415	60859
8416	64281
8417	40438
8418	61968
8419	45912
8420	47287
8421	25594
8422	30659
8423	57981
8424	34386
8425	33994
8426	67956
8427	33678
8428	26865
8429	35891
8430	28479
8431	41620
8432	45274
8433	28459
8434	38843
8435	40298
8436	49853
8437	37028
8438	73969
8439	30006
8440	45263
8441	38458
8442	47288
8443	47289
8444	47834
8445	30437
8446	30143
8447	39082
8448	26258
8449	41371
8450	26259
8451	27482
8452	27483
8453	44441
8454	33111
8455	40258
8456	70130
8457	48104
8458	57268
8459	29096
8460	57269
8461	31420
8462	73504
8463	50662
8464	38884
8465	32712
8466	39990
8467	41276
8468	60066
8469	25441
8470	40048
8471	50646
8472	51269
8473	33547
8474	66599
8475	29674
8476	40424
8477	50933
8478	39441
8479	51524
8480	46098
8481	30753
8482	53296
8483	40299
8484	46294
8485	56901
8486	51812
8487	56443
8488	57941
8489	62072
8490	28098
8491	27484
8492	65659
8493	61413
8494	40670
8495	55830
8496	38250
8497	29768
8498	29457
8499	36366
8500	29675
8501	33313
8502	38655
8503	49116
8504	43401
8505	25350
8506	56501
8507	53911
8508	27350
8509	32479
8510	73269
8511	64274
8512	46146
8513	31481
8514	50199
8515	32480
8516	62267
8517	66841
8518	50082
8519	36673
8520	31296
8521	39550
8522	60695
8523	34686
8524	42826
8525	30377
8526	50984
8527	47928
8528	26260
8529	25872
8530	30782
8531	53222
8532	41195
8533	34793
8534	51115
8535	32113
8536	33548
8537	68036
8538	52957
8539	72416
8540	25036
8541	67872
8542	26866
8543	71595
8544	42852
8545	44471
8546	73840
8547	42639
8548	26867
8549	59650
8550	30201
8551	42366
8552	25037
8553	38320
8554	49449
8555	36064
8556	72417
8557	32170
8558	71324
8559	28660
8560	63852
8561	45511
8562	47720
8563	39462
8564	25486
8565	71993
8566	63683
8567	45340
8568	51868
8569	37664
8570	37630
8571	32211
8572	34644
8573	39463
8574	49450
8575	40779
8576	25351
8577	24737
8578	49918
8579	38321
8580	38713
8581	38921
8582	62431
8583	38922
8584	67873
8585	60435
8586	40230
8587	32320
8588	25595
8589	56779
8590	30031
8591	69357
8592	37581
8593	30254
8594	66645
8595	25352
8596	26363
8597	26091
8598	42267
8599	27485
8600	29880
8601	28219
8602	33396
8603	35582
8604	69358
8605	51116
8606	66403
8607	38088
8608	41083
8609	71959
8610	29341
8611	48186
8612	66404
8613	65278
8614	61910
8615	48369
8616	47339
8617	32835
8618	47340
8619	42512
8620	25873
8621	60067
8622	48520
8623	73970
8624	48521
8625	26694
8626	33890
8627	60946
8628	55034
8629	31482
8630	47214
8631	34737
8632	38824
8633	53889
8634	42146
8635	73613
8636	26455
8637	68277
8638	29603
8639	70785
8640	59000
8641	35525
8642	37631
8643	40780
8644	37632
8645	53068
8646	37633
8647	26319
8648	53633
8649	68037
8650	60781
8651	36131
8652	26868
8653	40781
8654	57595
8655	36746
8656	31205
8657	36859
8658	25257
8659	45172
8660	28698
8661	67499
8662	24945
8663	68872
8664	73972
8665	39663
8666	72542
8667	24755
8668	60394
8669	33660
8670	40782
8671	69256
8672	25874
8673	35110
8674	33995
8675	32373
8676	59673
8677	67204
8678	25173
8679	32932
8680	70296
8681	67708
8682	27289
8683	54286
8684	33244
8685	66455
8686	38844
8687	40694
8688	34738
8689	63161
8690	32437
8691	31634
8692	31377
8693	44588
8694	49839
8695	55412
8696	51065
8697	40783
8698	25074
8699	61911
8700	44085
8701	64624
8702	26869
8703	73841
8704	27304
8705	72315
8706	36973
8707	26870
8708	24693
8709	73142
8710	69751
8711	36747
8712	28562
8713	27486
8714	69359
8715	26029
8716	57423
8717	29604
8718	60566
8719	67588
8720	24906
8721	36835
8722	46422
8723	30202
8724	69360
8725	41553
8726	30921
8727	58110
8728	36898
8729	52262
8730	42205
8731	42790
8732	31574
8733	73481
8734	38113
8735	59495
8736	58553
8737	61940
8738	42084
8739	47110
8740	46662
8741	41578
8742	69043
8743	60696
8744	31228
8745	48909
8746	50602
8747	65958
8748	34069
8749	38845
8750	56800
8751	47219
8752	51528
8753	38009
8754	51092
8755	55968
8756	27867
8757	55413
8758	42367
8759	32733
8760	41860
8761	39945
8762	30007
8763	30008
8764	27487
8765	36132
8766	25685
8767	36483
8768	37563
8769	34461
8770	33748
8771	46688
8772	70131
8773	56086
8774	34148
8775	52519
8776	25596
8777	53976
8778	56212
8779	52222
8780	29102
8781	30922
8782	30923
8783	63403
8784	53977
8785	52223
8786	25239
8787	50871
8788	54933
8789	42085
8790	30924
8791	60860
8792	52049
8793	52050
8794	27488
8795	25266
8796	39442
8797	33146
8798	33839
8799	30009
8800	44545
8801	28699
8802	46816
8803	63935
8804	31039
8805	70082
8806	31659
8807	36899
8808	57047
8809	67989
8810	41084
8811	55927
8812	24855
8813	41672
8814	27290
8815	48066
8816	73973
8817	38714
8818	39443
8819	62811
8820	37178
8821	29077
8822	28364
8823	41673
8824	40671
8825	66438
8826	39116
8827	66600
8828	68048
8829	63262
8830	45679
8831	46540
8832	63532
8833	53978
8834	46037
8835	39737
8836	29306
8837	27885
8838	56801
8839	37055
8840	38482
8841	25875
8842	49095
8843	26871
8844	61775
8845	42292
8846	34322
8847	51117
8848	49769
8849	25375
8850	60455
8851	73455
8852	42234
8853	27247
8854	32212
8855	39551
8856	34512
8857	32676
8858	28970
8859	36065
8860	26456
8861	29881
8862	50880
8863	59454
8864	67589
8865	55189
8866	30438
8867	57112
8868	70883
8869	43488
8870	45605
8871	55969
8872	56802
8873	48043
8874	61396
8875	42293
8876	25876
8877	28273
8878	51270
8879	34928
8880	40500
8881	50985
8882	61776
8883	72331
8884	42183
8885	40959
8886	38715
8887	43637
8888	53890
8889	50465
8890	58635
8891	58370
8892	45365
8893	47510
8894	57270
8895	66054
8896	45011
8897	38322
8898	56274
8899	25442
8900	64821
8901	51682
8902	32986
8903	56803
8904	61716
8905	46423
8906	28700
8907	53602
8908	43430
8909	43968
8910	69776
8911	46078
8912	51066
8913	53985
8914	36201
8915	70083
8916	30102
8917	32354
8918	57894
8919	46756
8920	62717
8921	24982
8922	59528
8923	28306
8924	38323
8925	69145
8926	35770
8927	39252
8928	34728
8929	34043
8930	41579
8931	26457
8932	26458
8933	26459
8934	28499
8935	26460
8936	30818
8937	30660
8938	25174
8939	28902
8940	24830
8941	33300
8942	62403
8943	46765
8944	65756
8945	40884
8946	27489
8947	49944
8948	25038
8949	47229
8950	30255
8951	47428
8952	30256
8953	32481
8954	73447
8955	46824
8956	67590
8957	29928
8958	35860
8959	56633
8960	52003
8961	40941
8962	38114
8963	58554
8964	39036
8965	67966
8966	33840
8967	54189
8968	44997
8969	38324
8970	24650
8971	68333
8972	68334
8973	27927
8974	68335
8975	44043
8976	41921
8977	33147
8978	61414
8979	26872
8980	67591
8981	29257
8982	32344
8983	27490
8984	63846
8985	49616
8986	37323
8987	69361
8988	41898
8989	28291
8990	56620
8991	42327
8992	72984
8993	29510
8994	54163
8995	70816
8996	52028
8997	65166
8998	54835
8999	39794
9000	48139
9001	54646
9002	53621
9003	71064
9004	26261
9005	43136
9006	45891
9007	34560
9008	44955
9009	69913
9010	46965
9011	43808
9012	53126
9013	36311
9014	40906
9015	64012
9016	53986
9017	40907
9018	32355
9019	52363
9020	37222
9021	56518
9022	61105
9023	45046
9024	65030
9025	70147
9026	25353
9027	62087
9028	49854
9029	60969
9030	42819
9031	73975
9032	51890
9033	53028
9034	70744
9035	29364
9036	58743
9037	50249
9038	40300
9039	27310
9040	29819
9041	53912
9042	25877
9043	30552
9044	35322
9045	41802
9046	65679
9047	27248
9048	70187
9049	52520
9050	51570
9051	30925
9052	71315
9053	33867
9054	60970
9055	41085
9056	73976
9057	49669
9058	28128
9059	27870
9060	43788
9061	44369
9062	62585
9063	27973
9064	36372
9065	33679
9066	33680
9067	55394
9068	58658
9069	71817
9070	49294
9071	28474
9072	45805
9073	67592
9074	74244
9075	47962
9076	35492
9077	73505
9078	56974
9079	61941
9080	35360
9081	59874
9082	32213
9083	69020
9084	53971
9085	72232
9086	67823
9087	71772
9088	69362
9089	40627
9090	41017
9091	41389
9092	48940
9093	27311
9094	37976
9095	29960
9096	45047
9097	29961
9098	48981
9099	37506
9100	56365
9101	36602
9102	28025
9103	38583
9104	38161
9105	43038
9106	34487
9107	34513
9108	36153
9109	71908
9110	27491
9111	27492
9112	71909
9113	53029
9114	33148
9115	45618
9116	28634
9117	71571
9118	31093
9119	31311
9120	44196
9121	44370
9122	58111
9123	34218
9124	32171
9125	35620
9126	56904
9127	57152
9128	56452
9129	61415
9130	26873
9131	25039
9132	39713
9133	72029
9134	53282
9135	40672
9136	32092
9137	24641
9138	39273
9139	29962
9140	31965
9141	66837
9142	32589
9143	42904
9144	64359
9145	26174
9146	59383
9147	32345
9148	27249
9149	36484
9150	27493
9151	46689
9152	46049
9153	41485
9154	31738
9155	26695
9156	28936
9157	46079
9158	40439
9159	64668
9160	55910
9161	26696
9162	40702
9163	38885
9164	53801
9165	62620
9166	49648
9167	48848
9168	51313
9169	56804
9170	37179
9171	58688
9172	37362
9173	62218
9174	40908
9175	60456
9176	67652
9177	28469
9178	40909
9179	71392
9180	52035
9181	68687
9182	27494
9183	62439
9184	67784
9185	29568
9186	66729
9187	24512
9188	27305
9189	45190
9190	49871
9191	55122
9192	64393
9193	47975
9194	25878
9195	30569
9196	38598
9197	39083
9198	38475
9199	50691
9200	60068
9201	26461
9202	68583
9203	30626
9204	33363
9205	40301
9206	40673
9207	60947
9208	60948
9209	56239
9210	36449
9211	27250
9212	29929
9213	36900
9214	55578
9215	59179
9216	31558
9217	37891
9218	26462
9219	29125
9220	29126
9221	58689
9222	37223
9223	33891
9224	28274
9225	37807
9226	37808
9227	41059
9228	52521
9229	37809
9230	51436
9231	72274
9232	46314
9233	39381
9234	54946
9235	26697
9236	53720
9237	55911
9238	55663
9239	28937
9240	49396
9241	58690
9242	25951
9243	55283
9244	54008
9245	32332
9246	39937
9247	50953
9248	43183
9249	53030
9250	50141
9251	30541
9252	25203
9253	24107
9254	58145
9255	39274
9256	67593
9257	67957
9258	69044
9259	28264
9260	60861
9261	51571
9262	69631
9263	48067
9264	61023
9265	69363
9266	47186
9267	61024
9268	26550
9269	69241
9270	45048
9271	29019
9272	46169
9273	72523
9274	32356
9275	68493
9276	63263
9277	72284
9278	64605
9279	55664
9280	34387
9281	31359
9282	26092
9283	25952
9284	71168
9285	45751
9286	49758
9287	41196
9288	58472
9289	53603
9290	59450
9291	55831
9292	35669
9293	35670
9294	62268
9295	51556
9296	28791
9297	39073
9298	71598
9299	33295
9300	47604
9301	58396
9302	24738
9303	41341
9304	52522
9305	27942
9306	27943
9307	56342
9308	45836
9309	72995
9310	58555
9311	47290
9312	66740
9313	39453
9314	29769
9315	44457
9316	71615
9317	39186
9318	32898
9319	61179
9320	57066
9321	44018
9322	72194
9323	40236
9324	73978
9325	32808
9326	53709
9327	28220
9328	26197
9329	56805
9330	47496
9331	67500
9332	59424
9333	59609
9334	54900
9335	53524
9336	41656
9337	36630
9338	29020
9339	72524
9340	27495
9341	61066
9342	38115
9343	56024
9344	69314
9345	42757
9346	30091
9347	29021
9348	24917
9349	47899
9350	46999
9351	24108
9352	41763
9353	49412
9354	29127
9355	49957
9356	36736
9357	28701
9358	61397
9359	72525
9360	73191
9361	46890
9362	49548
9363	60949
9364	72526
9365	36983
9366	29022
9367	45963
9368	28173
9369	73529
9370	73530
9371	25204
9372	57459
9373	42513
9374	42756
9375	74448
9376	30335
9377	46825
9378	48770
9379	56120
9380	39002
9381	39275
9382	54552
9383	27496
9384	67645
9385	30627
9386	60623
9387	37244
9388	33771
9389	53156
9390	65772
9391	31216
9392	25639
9393	50142
9394	32713
9395	67501
9396	26698
9397	46424
9398	45908
9399	56213
9400	43913
9401	70222
9402	25879
9403	31206
9404	60457
9405	24667
9406	31813
9407	26262
9408	32691
9409	60297
9410	60069
9411	30500
9412	38116
9413	72527
9414	51118
9415	63162
9416	30439
9417	40237
9418	29103
9419	56529
9420	67221
9421	62930
9422	55783
9423	61063
9424	30501
9425	28460
9426	44967
9427	26263
9428	26463
9429	63086
9430	67772
9431	52523
9432	31451
9433	54511
9434	39664
9435	39152
9436	26232
9437	46425
9438	53031
9439	27497
9440	33397
9441	74055
9442	49999
9443	68065
9444	58171
9445	36649
9446	61208
9447	53682
9448	49649
9449	57201
9450	41580
9451	50143
9452	41397
9453	30783
9454	36133
9455	70982
9456	41305
9457	51052
9458	60070
9459	39763
9460	60708
9461	38251
9462	34134
9463	48648
9464	37582
9465	68528
9466	38584
9467	25521
9468	65212
9469	37665
9470	39084
9471	59127
9472	44297
9473	28307
9474	24930
9475	30010
9476	30011
9477	30012
9478	29536
9479	53628
9480	39236
9481	40302
9482	28292
9483	56245
9484	64085
9485	37583
9486	73270
9487	51891
9488	61924
9489	49695
9490	33772
9491	36984
9492	74604
9493	45704
9494	31635
9495	34929
9496	54400
9497	33773
9498	28099
9499	36985
9500	40303
9501	63626
9502	36901
9503	39216
9504	37991
9505	37507
9506	62961
9507	27351
9508	30661
9509	29605
9510	29606
9511	42594
9512	34794
9513	70086
9514	33438
9515	61180
9516	58292
9517	34930
9518	32269
9519	31966
9520	71974
9521	26874
9522	37930
9523	59588
9524	69364
9525	36650
9526	32357
9527	31443
9528	29425
9529	40095
9530	40549
9531	47995
9532	40838
9533	26364
9534	39429
9535	73531
9536	38325
9537	59741
9538	43086
9539	73532
9540	73533
9541	64487
9542	60440
9543	50388
9544	47996
9545	25487
9546	74456
9547	40839
9548	36790
9549	41893
9550	72316
9551	36791
9552	50200
9553	47421
9554	28016
9555	45812
9556	65477
9557	36902
9558	65478
9559	35861
9560	32482
9561	25578
9562	31850
9563	45689
9564	26264
9565	33398
9566	42723
9567	32836
9568	58931
9569	57202
9570	54901
9571	50474
9572	31014
9573	50475
9574	69315
9575	42514
9576	43874
9577	66137
9578	26875
9579	53913
9580	40569
9581	32214
9582	29392
9583	33717
9584	37508
9585	34388
9586	74071
9587	44171
9588	43674
9589	46236
9590	28221
9591	26876
9592	28807
9593	30685
9594	42286
9595	44295
9596	42706
9597	36880
9598	25824
9599	36349
9600	66802
9601	33549
9602	44499
9603	26699
9604	29458
9605	49492
9606	31432
9607	51067
9608	42595
9609	28642
9610	74181
9611	34627
9612	47257
9613	36453
9614	36792
9615	31094
9616	32837
9617	37977
9618	36737
9619	57390
9620	30013
9621	42050
9622	37892
9623	26520
9624	29224
9625	56806
9626	30839
9627	36763
9628	28883
9629	55641
9630	54157
9631	63163
9632	30056
9633	27849
9634	34997
9635	35111
9636	59472
9637	27850
9638	32734
9639	26464
9640	37476
9641	45627
9642	48998
9643	67222
9644	70087
9645	24383
9646	39153
9647	31508
9648	37634
9649	36009
9650	37810
9651	30032
9652	25686
9653	43184
9654	46941
9655	61069
9656	38483
9657	59875
9658	46277
9659	43575
9660	68816
9661	38564
9662	62257
9663	32093
9664	65363
9665	51882
9666	45482
9667	63481
9668	41978
9669	69828
9670	24856
9671	62044
9672	55732
9673	46170
9674	41350
9675	46171
9676	28618
9677	24801
9678	73068
9679	25075
9680	52396
9681	61674
9682	73979
9683	61942
9684	37202
9685	28754
9686	38035
9687	42984
9688	50102
9689	32374
9690	45680
9691	29023
9692	49431
9693	25768
9694	60458
9695	59353
9696	58028
9697	56405
9698	25283
9699	43514
9700	72195
9701	68188
9702	33399
9703	25551
9704	72300
9705	25880
9706	67019
9707	42515
9708	44984
9709	40942
9710	70865
9711	25284
9712	54094
9713	64327
9714	50046
9715	44320
9716	34931
9717	26365
9718	61247
9719	30760
9720	37477
9721	29024
9722	29963
9723	30565
9724	27352
9725	40628
9726	47258
9727	40415
9728	30566
9729	25267
9730	74056
9731	46817
9732	42235
9733	31814
9734	38886
9735	51388
9736	66646
9737	26465
9738	71115
9739	36226
9740	63600
9741	67635
9742	49582
9743	66078
9744	44500
9745	36154
9746	53777
9747	62907
9748	39851
9749	31467
9750	48537
9751	31468
9752	63905
9753	39647
9754	35112
9755	59354
9756	25508
9757	24936
9758	41803
9759	26877
9760	73981
9761	47074
9762	60071
9763	26093
9764	29964
9765	44898
9766	47341
9767	56202
9768	27498
9769	56203
9770	36631
9771	27353
9772	31921
9773	30014
9774	43870
9775	64625
9776	63993
9777	35442
9778	64634
9779	47468
9780	26265
9781	51372
9782	31138
9783	38117
9784	32735
9785	73183
9786	29770
9787	34070
9788	48823
9789	60404
9790	35583
9791	30149
9792	26614
9793	27354
9794	40482
9795	73271
9796	69752
9797	42660
9798	53127
9799	26878
9800	50449
9801	28100
9802	31139
9803	35443
9804	59056
9805	33337
9806	24756
9807	49257
9808	35899
9809	35584
9810	36031
9811	61025
9812	29307
9813	56397
9814	39528
9815	51869
9816	32215
9817	42655
9818	55190
9819	53032
9820	54902
9821	39903
9822	35483
9823	32375
9824	36066
9825	47511
9826	29909
9827	30819
9828	64893
9829	55035
9830	30725
9831	30726
9832	55455
9833	37509
9834	36903
9835	49508
9836	32769
9837	56895
9838	55522
9839	61026
9840	44321
9841	72317
9842	57547
9843	72134
9844	47342
9845	38118
9846	28702
9847	64492
9848	51314
9849	39648
9850	46604
9851	65173
9852	61777
9853	48941
9854	46426
9855	71791
9856	37066
9857	38228
9858	41854
9859	29965
9860	66842
9861	64606
9862	55312
9863	46427
9864	28378
9865	60899
9866	49872
9867	53343
9868	25769
9869	39276
9870	44415
9871	55123
9872	33439
9873	35862
9874	34980
9875	33982
9876	60072
9877	30628
9878	59057
9879	26521
9880	61137
9881	31140
9882	33607
9883	49164
9884	72517
9885	50954
9886	26466
9887	35585
9888	31559
9889	31815
9890	42741
9891	40910
9892	69649
9893	28938
9894	46428
9895	35290
9896	35087
9897	49318
9898	30459
9899	60567
9900	30103
9901	33097
9902	60459
9903	50647
9904	37141
9905	25563
9906	69753
9907	54836
9908	46300
9909	37510
9910	72301
9911	36485
9912	56570
9913	53033
9914	51213
9915	25509
9916	64592
9917	56343
9918	49919
9919	53414
9920	37072
9921	65224
9922	29308
9923	46703
9924	60509
9925	62404
9926	43560
9927	29820
9928	62252
9929	57203
9930	27355
9931	60704
9932	57271
9933	37695
9934	60073
9935	50635
9936	29245
9937	26094
9938	45554
9939	72302
9940	27499
9941	67342
9942	46638
9943	48942
9944	64593
9945	69410
9946	28500
9947	44407
9948	33452
9949	41197
9950	28064
9951	62022
9952	41908
9953	40975
9954	26467
9955	30104
9956	24712
9957	61051
9958	33466
9959	74386
9960	26879
9961	35948
9962	54851
9963	40432
9964	40106
9965	56344
9966	55178
9967	51214
9968	44019
9969	73647
9970	38759
9971	25175
9972	44020
9973	44021
9974	45389
9975	34795
9976	64894
9977	49117
9978	47809
9979	39811
9980	60420
9981	33841
9982	29025
9983	41657
9984	32816
9985	69754
9986	52857
9987	41922
9988	40602
9989	33112
9990	37906
9991	70088
9992	44343
9993	27500
9994	26880
9995	52157
9996	55616
9997	46639
9998	40911
9999	61000
10000	52004
10001	60590
10002	66396
10003	49413
10004	24946
10005	41372
10006	25770
10007	36421
10008	67599
10009	35689
10010	49759
10011	32216
10012	60591
10013	72969
10014	67224
10015	40238
10016	33753
10017	52524
10018	55879
10019	62145
10020	73507
10021	43684
10022	36155
10023	47156
10024	36156
10025	30015
10026	43897
10027	54534
10028	63984
10029	43431
10030	65734
10031	70235
10032	67773
10033	53914
10034	32193
10035	47871
10036	46429
10037	46430
10038	46431
10039	50476
10040	43448
10041	30181
10042	65619
10043	31095
10044	46625
10045	47752
10046	69366
10047	56919
10048	45498
10049	73407
10050	31560
10051	48044
10052	25597
10053	48554
10054	33296
10055	43137
10056	57017
10057	35370
10058	57094
10059	60510
10060	32838
10061	29966
10062	35028
10063	62128
10064	56578
10065	41086
10066	59355
10067	48482
10068	38229
10069	29676
10070	42707
10071	25745
10072	29607
10073	53710
10074	29967
10075	63985
10076	32217
10077	55096
10078	38799
10079	63986
10080	73982
10081	36995
10082	73373
10083	55097
10084	47982
10085	27501
10086	40512
10087	26881
10088	25687
10089	70866
10090	34591
10091	60074
10092	27502
10093	29677
10094	42865
10095	66843
10096	31141
10097	34192
10098	65821
10099	58092
10100	50371
10101	69759
10102	43432
10103	41285
10104	55970
10105	43433
10106	29941
10107	72030
10108	31229
10109	45606
10110	69760
10111	25301
10112	62146
10113	25040
10114	35928
10115	65519
10116	46728
10117	63987
10118	57614
10119	51623
10120	46388
10121	36603
10122	28308
10123	43247
10124	69457
10125	42656
10126	55826
10127	32418
10128	49284
10129	66995
10130	64702
10131	69755
10132	47837
10133	49509
10134	54041
10135	62843
10136	37992
10137	41087
10138	30257
10139	28461
10140	33661
10141	32218
10142	29569
10143	42470
10144	50603
10145	63949
10146	37324
10147	49047
10148	35348
10149	67874
10150	67875
10151	26399
10152	43434
10153	48335
10154	32094
10155	32461
10156	29268
10157	52907
10158	32219
10159	46863
10160	32727
10161	66741
10162	26882
10163	55363
10164	63361
10165	66138
10166	47343
10167	74264
10168	52525
10169	25742
10170	27503
10171	28534
10172	32630
10173	61723
10174	31015
10175	43728
10176	35371
10177	32953
10178	41712
10179	33024
10180	34262
10181	38326
10182	26551
10183	73983
10184	32376
10185	37180
10186	56214
10187	34071
10188	60460
10189	25327
10190	40674
10191	29085
10192	26020
10193	57272
10194	37718
10195	64051
10196	49873
10197	60765
10198	29128
10199	60656
10200	68956
10201	27504
10202	35621
10203	37609
10204	71741
10205	46852
10206	64975
10207	28908
10208	28909
10209	43914
10210	29269
10211	41022
10212	46918
10213	34389
10214	55517
10215	68398
10216	65113
10217	46942
10218	32677
10219	26181
10220	31096
10221	27505
10222	45964
10223	66031
10224	44430
10225	71065
10226	32129
10227	48732
10228	51806
10229	49670
10230	39529
10231	33467
10232	29365
10233	39738
10234	48570
10235	63434
10236	69892
10237	71066
10238	26883
10239	26884
10240	28792
10241	58200
10242	60862
10243	53404
10244	29678
10245	47344
10246	55483
10247	39118
10248	65118
10249	46558
10250	37907
10251	44261
10252	39777
10253	69368
10254	70160
10255	38863
10256	24280
10257	41554
10258	57113
10259	50498
10260	39764
10261	67228
10262	35493
10263	47187
10264	35494
10265	30378
10266	44928
10267	64895
10268	53428
10269	31190
10270	51624
10271	48738
10272	38327
10273	39187
10274	57242
10275	54287
10276	30460
10277	38716
10278	65822
10279	48352
10280	53525
10281	68069
10282	34390
10283	25498
10284	61778
10285	27506
10286	44899
10287	41764
10288	45705
10289	50047
10290	27842
10291	59032
10292	46530
10293	70884
10294	45127
10295	29129
10296	30258
10297	26400
10298	30686
10299	35113
10300	68367
10301	73272
10302	56733
10303	27851
10304	37413
10305	44748
10306	59917
10307	30355
10308	72260
10309	44811
10310	29026
10311	54095
10312	72261
10313	72262
10314	72263
10315	54096
10316	72264
10317	29027
10318	42018
10319	28309
10320	33774
10321	29130
10322	53591
10323	33643
10324	39139
10325	43734
10326	39464
10327	56780
10328	58473
10329	59433
10330	27291
10331	53987
10332	40016
10333	31944
10334	34291
10335	40003
10336	54795
10337	34796
10338	65580
10339	26575
10340	69369
10341	68327
10342	40784
10343	42431
10344	25258
10345	53449
10346	26266
10347	52526
10348	60075
10349	38440
10350	27292
10351	38079
10352	67189
10353	70959
10354	30098
10355	35532
10356	56530
10357	62544
10358	46267
10359	29679
10360	40096
10361	33339
10362	62812
10363	63564
10364	70984
10365	37260
10366	30137
10367	29570
10368	41412
10369	29104
10370	46751
10371	39237
10372	37957
10373	50576
10374	64287
10375	35394
10376	46076
10377	48943
10378	56366
10379	61568
10380	30629
10381	39027
10382	68368
10383	68369
10384	65300
10385	33245
10386	59101
10387	32346
10388	67669
10389	66325
10390	44371
10391	34514
10392	70758
10393	48571
10394	48572
10395	24777
10396	55484
10397	54288
10398	32754
10399	44677
10400	33644
10401	27507
10402	29438
10403	34932
10404	36367
10405	26095
10406	24713
10407	61779
10408	36636
10409	38677
10410	62948
10411	54393
10412	34462
10413	27312
10414	54543
10415	69370
10416	41324
10417	32736
10418	71067
10419	65301
10420	35570
10421	43273
10422	69371
10423	53532
10424	42206
10425	33868
10426	40304
10427	70089
10428	41923
10429	34592
10430	27944
10431	59094
10432	60592
10433	62497
10434	28017
10435	72032
10436	28829
10437	46752
10438	61699
10439	29968
10440	54451
10441	55742
10442	50716
10443	72727
10444	63351
10445	40629
10446	52809
10447	65119
10448	72393
10449	45486
10450	46003
10451	74306
10452	53979
10453	62575
10454	53915
10455	35717
10456	65031
10457	40630
10458	71642
10459	27508
10460	67958
10461	33340
10462	28195
10463	36904
10464	45128
10465	54394
10466	38599
10467	48555
10468	42807
10469	50405
10470	36764
10471	56571
10472	65719
10473	50229
10474	56572
10475	65791
10476	64458
10477	34150
10478	54250
10479	27974
10480	69123
10481	48235
10482	34894
10483	47345
10484	33506
10485	56087
10486	72985
10487	44678
10488	30784
10489	25376
10490	34035
10491	33507
10492	64305
10493	64306
10494	40425
10495	28222
10496	70708
10497	45466
10498	68191
10499	53034
10500	49510
10501	32708
10502	45628
10503	27509
10504	50238
10505	30138
10506	68370
10507	64459
10508	41358
10509	54796
10510	68450
10511	43971
10512	38738
10513	41844
10514	26885
10515	29344
10516	29345
10517	52305
10518	60076
10519	39863
10520	31703
10521	52470
10522	49432
10523	60077
10524	43039
10525	57480
10526	67890
10527	34302
10528	52773
10529	29537
10530	27510
10531	33305
10532	38846
10533	30379
10534	62041
10535	65649
10536	44935
10537	26886
10538	63565
10539	57273
10540	35929
10541	68579
10542	69719
10543	41048
10544	62258
10545	56332
10546	62968
10547	46147
10548	72654
10549	64757
10550	26198
10551	35718
10552	44900
10553	43331
10554	31704
10555	47259
10556	25302
10557	31182
10558	24857
10559	39665
10560	39210
10561	33945
10562	58556
10563	67959
10564	27511
10565	65340
10566	27886
10567	58948
10568	24638
10569	33775
10570	33246
10571	46432
10572	43196
10573	64896
10574	25598
10575	41486
10576	30764
10577	65803
10578	43653
10579	27512
10580	49617
10581	49855
10582	55191
10583	31538
10584	63699
10585	55299
10586	39739
10587	69372
10588	57274
10589	25564
10590	38557
10591	32358
10592	67835
10593	48468
10594	54317
10595	53862
10596	27293
10597	24109
10598	40703
10599	60268
10600	50144
10601	26887
10602	67876
10603	28501
10604	26366
10605	47346
10606	37181
10607	40876
10608	46470
10609	52527
10610	70090
10611	37404
10612	41658
10613	48921
10614	33869
10615	27887
10616	71921
10617	36067
10618	35114
10619	27935
10620	53128
10621	31967
10622	30502
10623	63164
10624	48573
10625	48574
10626	55085
10627	65479
10628	43902
10629	65048
10630	36087
10631	34797
10632	40976
10633	54395
10634	74577
10635	34353
10636	33776
10637	54704
10638	44372
10639	30131
10640	47291
10641	50033
10642	49650
10643	30132
10644	36157
10645	56581
10646	53683
10647	43391
10648	41413
10649	31097
10650	48910
10651	24983
10652	36380
10653	24984
10654	25041
10655	47597
10656	43626
10657	39200
10658	24226
10659	28808
10660	28245
10661	60502
10662	48575
10663	54856
10664	48576
10665	48577
10666	48578
10667	40785
10668	29131
10669	33400
10670	49017
10671	49127
10672	39205
10673	35633
10674	73734
10675	33401
10676	69242
10677	38847
10678	24858
10679	24859
10680	37908
10681	49018
10682	26888
10683	49227
10684	72033
10685	71425
10686	39812
10687	49384
10688	64521
10689	69373
10690	25953
10691	48982
10692	47997
10693	40704
10694	35975
10695	25996
10696	34072
10697	32220
10698	24274
10699	30751
10700	51240
10701	24694
10702	32123
10703	30840
10704	45759
10705	30336
10706	26624
10707	33777
10708	34107
10709	45815
10710	68771
10711	40762
10712	30380
10713	36088
10714	53539
10715	70685
10716	70210
10717	37283
10718	52005
10719	37325
10720	38717
10721	45837
10722	40305
10723	25328
10724	38934
10725	59251
10726	55456
10727	33508
10728	46640
10729	69374
10730	66501
10731	24918
10732	33149
10733	43803
10734	42257
10735	45284
10736	60405
10737	24860
10738	49019
10739	61327
10740	47188
10741	69375
10742	58896
10743	63566
10744	65516
10745	35115
10746	46337
10747	36089
10748	52032
10749	59143
10750	46559
10751	58474
10752	39973
10753	62718
10754	41979
10755	37958
10756	34073
10757	66079
10758	38953
10759	48320
10760	41899
10761	71936
10762	38979
10763	53988
10764	47639
10765	38441
10766	38442
10767	24802
10768	50522
10769	35993
10770	59499
10771	39928
10772	33123
10773	62147
10774	29771
10775	47417
10776	46433
10777	26889
10778	63032
10779	33778
10780	50477
10781	54369
10782	36068
10783	56164
10784	27513
10785	41373
10786	45195
10787	39430
10788	41835
10789	59327
10790	65160
10791	30259
10792	55098
10793	50145
10794	64104
10795	38230
10796	51870
10797	34174
10798	50478
10799	57765
10800	67967
10801	33098
10802	32987
10803	48944
10804	35517
10805	53363
10806	63567
10807	39085
10808	44210
10809	57275
10810	54492
10811	54577
10812	33928
10813	51315
10814	57572
10815	31517
10816	52876
10817	60628
10818	36793
10819	69774
10820	27514
10821	44065
10822	60078
10823	40786
10824	47075
10825	61675
10826	29459
10827	51469
10828	63056
10829	28153
10830	65520
10831	66272
10832	34515
10833	36866
10834	60421
10835	68881
10836	60657
10837	53916
10838	26182
10839	30630
10840	28971
10841	37203
10842	44782
10843	74088
10844	66139
10845	29318
10846	34391
10847	48208
10848	71419
10849	26183
10850	53570
10851	62511
10852	32954
10853	55192
10854	31098
10855	45629
10856	33870
10857	62512
10858	29366
10859	43685
10860	27515
10861	51557
10862	34019
10863	73843
10864	34203
10865	50881
10866	27852
10867	61352
10868	62892
10869	62621
10870	41088
10871	30381
10872	26890
10873	29680
10874	71603
10875	40203
10876	28664
10877	39864
10878	69038
10879	47347
10880	49856
10881	38800
10882	40675
10883	43479
10884	43613
10885	31816
10886	50372
10887	37745
10888	42166
10889	33440
10890	43614
10891	27356
10892	28861
10893	42301
10894	26267
10895	39649
10896	27357
10897	65296
10898	72710
10899	34108
10900	42516
10901	25771
10902	26891
10903	53330
10904	61398
10905	39238
10906	66967
10907	63101
10908	59651
10909	55457
10910	28560
10911	61083
10912	41487
10913	48675
10914	53989
10915	33402
10916	43197
10917	26228
10918	44700
10919	48045
10920	38252
10921	38975
10922	41198
10923	62405
10924	30697
10925	48579
10926	41702
10927	49565
10928	42640
10929	29028
10930	38328
10931	29338
10932	68455
10933	41089
10934	41199
10935	40306
10936	53802
10937	28809
10938	24803
10939	40440
10940	35291
10941	47189
10942	69324
10943	28310
10944	54699
10945	46389
10946	40395
10947	50214
10948	30581
10949	37363
10950	67229
10951	30841
10952	53917
10953	57816
10954	59071
10955	68498
10956	32095
10957	49651
10958	24491
10959	35982
10960	26367
10961	27975
10962	43332
10963	74578
10964	69390
10965	47260
10966	62483
10967	43515
10968	42167
10969	43516
10970	59072
10971	55819
10972	29078
10973	34905
10974	24804
10975	56494
10976	57934
10977	69391
10978	47418
10979	54138
10980	41745
10981	27251
10982	29571
10983	50479
10984	55760
10985	45555
10986	44115
10987	54289
10988	58949
10989	52528
10990	41581
10991	30382
10992	39835
10993	34895
10994	57879
10995	57204
10996	26401
10997	49250
10998	31342
10999	29853
11000	60079
11001	49460
11002	24962
11003	56097
11004	35116
11005	49109
11006	45735
11007	56634
11008	51470
11009	37959
11010	72598
11011	70867
11012	43561
11013	61780
11014	64774
11015	70868
11016	41200
11017	44262
11018	33919
11019	51454
11020	67709
11021	26892
11022	56853
11023	33898
11024	57018
11025	51316
11026	40603
11027	27516
11028	49938
11029	30081
11030	72196
11031	41674
11032	51471
11033	55414
11034	56367
11035	49048
11036	59328
11037	29755
11038	43274
11039	30687
11040	30688
11041	24668
11042	25042
11043	34044
11044	40724
11045	69866
11046	71604
11047	73648
11048	42482
11049	28311
11050	51871
11051	40307
11052	71618
11053	26893
11054	50705
11055	65427
11056	32988
11057	61209
11058	70091
11059	26894
11060	46471
11061	73986
11062	27976
11063	55888
11064	67968
11065	26552
11066	33150
11067	52529
11068	35622
11069	44384
11070	43867
11071	43789
11072	32737
11073	39277
11074	55485
11075	25552
11076	60461
11077	56098
11078	41513
11079	45049
11080	61781
11081	41201
11082	69462
11083	46089
11084	34933
11085	26268
11086	29357
11087	31680
11088	50882
11089	67969
11090	69463
11091	69465
11092	63684
11093	51241
11094	34628
11095	46004
11096	67608
11097	41804
11098	49566
11099	69192
11100	62555
11101	46005
11102	56751
11103	30260
11104	30261
11105	29105
11106	40742
11107	36115
11108	52263
11109	49618
11110	30161
11111	64151
11112	60080
11113	44679
11114	43784
11115	43836
11116	50523
11117	29572
11118	55971
11119	70229
11120	26199
11121	26368
11122	41037
11123	34998
11124	52762
11125	42517
11126	68070
11127	32377
11128	35863
11129	33049
11130	34798
11131	50389
11132	31885
11133	29681
11134	38209
11135	25881
11136	59238
11137	26895
11138	57460
11139	54975
11140	55534
11141	52397
11142	26668
11143	42854
11144	36974
11145	63330
11146	33314
11147	62259
11148	63063
11149	44124
11150	45050
11151	68371
11152	68278
11153	46301
11154	70885
11155	31016
11156	27517
11157	62299
11158	42641
11159	29511
11160	42642
11161	40426
11162	44357
11163	39666
11164	50706
11165	44358
11166	27977
11167	25205
11168	49874
11169	42086
11170	41202
11171	24598
11172	55193
11173	58005
11174	50883
11175	35292
11176	50373
11177	51472
11178	70092
11179	32221
11180	39865
11181	41488
11182	56345
11183	62418
11184	43275
11185	37635
11186	37261
11187	69426
11188	67817
11189	36905
11190	44448
11191	44639
11192	28480
11193	44449
11194	67818
11195	44490
11196	35323
11197	36906
11198	41642
11199	39222
11200	49652
11201	34186
11202	34303
11203	27518
11204	33779
11205	42377
11206	32321
11207	62195
11208	50406
11209	56455
11210	32222
11211	41489
11212	29833
11213	60766
11214	72846
11215	27519
11216	41203
11217	38253
11218	34175
11219	24695
11220	33151
11221	57780
11222	53035
11223	69290
11224	27520
11225	27521
11226	74307
11227	65220
11228	44172
11229	50965
11230	36334
11231	34934
11232	42985
11233	36907
11234	54512
11235	67649
11236	32552
11237	62638
11238	35117
11239	45129
11240	41023
11241	44232
11242	60081
11243	38718
11244	36454
11245	34095
11246	34096
11247	44104
11248	55972
11249	40787
11250	29512
11251	29132
11252	35695
11253	73349
11254	48483
11255	30742
11256	53918
11257	62148
11258	37746
11259	37142
11260	26348
11261	57276
11262	46203
11263	61984
11264	57277
11265	32678
11266	54770
11267	42919
11268	65680
11269	47948
11270	27358
11271	39140
11272	47348
11273	68372
11274	71605
11275	30869
11276	36687
11277	25259
11278	54568
11279	27522
11280	31433
11281	37118
11282	37666
11283	37119
11284	26030
11285	35571
11286	25176
11287	43517
11288	43518
11289	61985
11290	63448
11291	42342
11292	73299
11293	42168
11294	59500
11295	49857
11296	59501
11297	30631
11298	30383
11299	53919
11300	48174
11301	63696
11302	54493
11303	70791
11304	67837
11305	62149
11306	28502
11307	34304
11308	54478
11309	57278
11310	35042
11311	57205
11312	39667
11313	34337
11314	51625
11315	40743
11316	25354
11317	35118
11318	43562
11319	65364
11320	63017
11321	56807
11322	66659
11323	37636
11324	26014
11325	58475
11326	26669
11327	70190
11328	48020
11329	64394
11330	30570
11331	26896
11332	25772
11333	72721
11334	33780
11335	44385
11336	61684
11337	50765
11338	41204
11339	47292
11340	28207
11341	55579
11342	59923
11343	27523
11344	48003
11345	26269
11346	52006
11347	39620
11348	64209
11349	28154
11350	41090
11351	36381
11352	63108
11353	34516
11354	31452
11355	73273
11356	55415
11357	65225
11358	49049
11359	25102
11360	30662
11361	58146
11362	69756
11363	55820
11364	31705
11365	64315
11366	27524
11367	26200
11368	26201
11369	29270
11370	28939
11371	24947
11372	55856
11373	39795
11374	42244
11375	30663
11376	48661
11377	56808
11378	36632
11379	40631
11380	26576
11381	40521
11382	54290
11383	31851
11384	29460
11385	40522
11386	38667
11387	26233
11388	61224
11389	36651
11390	31421
11391	52398
11392	26468
11393	30262
11394	25391
11395	32359
11396	41980
11397	60082
11398	42758
11399	25377
11400	36039
11401	63859
11402	47983
11403	60083
11404	36486
11405	29271
11406	53571
11407	71505
11408	27525
11409	39239
11410	37538
11411	31422
11412	30384
11413	33441
11414	26369
11415	50230
11416	64255
11417	34109
11418	45956
11419	39211
11420	35586
11421	37811
11422	50146
11423	54370
11424	66567
11425	28379
11426	66568
11427	32755
11428	32223
11429	26897
11430	53666
11431	29272
11432	39278
11433	50407
11434	64460
11435	33247
11436	35263
11437	28810
11438	34770
11439	42307
11440	48556
11441	48773
11442	63057
11443	39212
11444	42708
11445	28065
11446	29133
11447	45642
11448	41286
11449	42866
11450	27526
11451	58557
11452	59709
11453	41909
11454	42221
11455	46434
11456	53078
11457	26898
11458	72770
11459	47076
11460	53079
11461	31191
11462	29273
11463	28101
11464	28133
11465	53429
11466	27527
11467	26625
11468	24907
11469	27423
11470	60084
11471	38484
11472	72702
11473	35484
11474	31230
11475	49599
11476	36529
11477	41713
11478	37798
11479	43124
11480	60085
11481	32989
11482	26899
11483	46729
11484	50966
11485	57900
11486	61782
11487	29225
11488	49653
11489	34158
11490	65823
11491	38499
11492	54248
11493	71427
11494	28635
11495	42378
11496	31742
11497	39991
11498	54976
11499	70191
11500	57694
11501	43903
11502	54463
11503	38760
11504	29854
11505	32990
11506	30263
11507	55917
11508	57942
11509	33681
11510	69171
11511	47835
11512	62556
11513	40396
11514	47497
11515	50733
11516	48119
11517	69039
11518	48187
11519	39740
11520	28582
11521	24492
11522	24714
11523	40132
11524	39941
11525	69886
11526	55973
11527	52306
11528	27528
11529	27529
11530	26900
11531	72771
11532	51208
11533	41091
11534	66140
11535	61762
11536	29461
11537	43769
11538	30842
11539	66718
11540	27530
11541	26220
11542	46974
11543	50707
11544	54464
11545	29260
11546	36794
11547	29134
11548	53925
11549	53950
11550	58397
11551	33899
11552	60524
11553	54647
11554	51428
11555	38080
11556	46355
11557	69839
11558	38848
11559	27531
11560	34305
11561	44821
11562	53415
11563	44968
11564	69048
11565	45965
11566	33381
11567	54489
11568	72450
11569	56165
11570	53926
11571	40133
11572	46068
11573	41277
11574	30820
11575	38119
11576	48739
11577	69146
11578	25137
11579	34187
11580	53667
11581	68777
11582	68772
11583	38033
11584	25522
11585	38034
11586	26901
11587	68038
11588	45643
11589	40676
11590	39406
11591	48004
11592	70589
11593	26015
11594	27532
11595	51373
11596	66601
11597	64295
11598	34338
11599	74008
11600	28434
11601	32051
11602	32064
11603	51068
11604	35647
11605	39279
11606	66930
11607	53749
11608	56547
11609	41746
11610	44749
11611	56667
11612	54440
11613	47593
11614	45644
11615	30843
11616	27978
11617	71792
11618	51215
11619	26553
11620	48809
11621	59818
11622	41765
11623	47111
11624	24348
11625	44822
11626	40073
11627	33871
11628	33152
11629	28681
11630	48078
11631	72784
11632	35419
11633	58112
11634	45645
11635	62748
11636	60436
11637	40074
11638	65067
11639	62300
11640	53540
11641	57776
11642	31197
11643	73709
11644	51209
11645	61084
11646	27533
11647	67602
11648	68947
11649	56275
11650	48922
11651	53634
11652	49589
11653	49912
11654	55124
11655	32096
11656	39890
11657	62471
11658	54223
11659	50390
11660	46134
11661	44044
11662	63154
11663	37262
11664	52349
11665	72452
11666	27534
11667	61044
11668	61045
11669	33332
11670	66439
11671	57922
11672	48700
11673	37982
11674	42225
11675	58744
11676	38162
11677	28755
11678	26902
11679	45619
11680	26903
11681	56215
11682	44640
11683	28862
11684	74123
11685	26904
11686	27979
11687	28665
11688	41205
11689	41414
11690	57959
11691	51799
11692	55086
11693	33468
11694	25882
11695	28666
11696	53486
11697	35016
11698	54837
11699	27320
11700	57709
11701	29821
11702	57019
11703	63050
11704	33872
11705	51317
11706	35119
11707	48740
11708	56108
11709	31817
11710	42236
11711	28703
11712	43954
11713	57279
11714	65024
11715	71070
11716	68895
11717	48199
11718	28189
11719	29682
11720	41924
11721	48999
11722	26270
11723	47498
11724	36134
11725	45780
11726	38289
11727	38825
11728	25411
11729	39577
11730	40308
11731	68921
11732	68922
11733	42147
11734	61181
11735	62260
11736	67247
11737	27535
11738	65681
11739	38397
11740	43040
11741	58950
11742	48079
11743	59384
11744	25329
11745	58932
11746	40061
11747	27252
11748	72453
11749	34224
11750	58492
11751	27536
11752	60593
11753	57003
11754	36731
11755	40710
11756	74605
11757	54139
11758	38120
11759	25883
11760	74057
11761	38398
11762	59770
11763	37511
11764	34225
11765	28380
11766	45378
11767	32130
11768	57004
11769	55974
11770	41582
11771	53768
11772	44780
11773	63053
11774	53157
11775	31509
11776	57005
11777	54042
11778	31142
11779	53829
11780	53830
11781	35864
11782	55171
11783	57020
11784	58172
11785	46435
11786	27537
11787	43807
11788	33781
11789	43770
11790	31143
11791	73558
11792	37549
11793	47190
11794	31312
11795	47753
11796	60568
11797	51807
11798	25076
11799	42518
11800	58951
11801	29135
11802	54722
11803	40148
11804	39382
11805	24762
11806	51230
11807	32809
11808	33900
11809	51626
11810	58072
11811	49020
11812	25773
11813	74137
11814	38062
11815	38063
11816	61912
11817	45646
11818	33901
11819	28811
11820	60863
11821	32052
11822	40309
11823	24763
11824	25177
11825	30385
11826	36546
11827	48945
11828	51023
11829	60731
11830	62919
11831	48080
11832	28066
11833	53306
11834	37120
11835	27538
11836	53129
11837	51757
11838	67858
11839	26234
11840	54291
11841	25599
11842	57863
11843	51216
11844	48869
11845	54126
11846	30632
11847	45647
11848	55733
11849	30033
11850	30527
11851	53098
11852	57935
11853	44956
11854	25412
11855	27928
11856	31539
11857	40788
11858	70947
11859	28503
11860	58897
11861	24861
11862	71922
11863	26577
11864	69329
11865	64395
11866	55665
11867	31382
11868	64897
11869	24862
11870	30461
11871	41805
11872	51473
11873	47786
11874	31423
11875	61685
11876	24863
11877	38954
11878	57280
11879	39978
11880	45341
11881	49146
11882	39201
11883	28650
11884	27539
11885	37584
11886	73021
11887	37104
11888	63950
11889	68071
11890	24864
11891	27540
11892	29538
11893	52931
11894	55918
11895	27541
11896	53223
11897	66217
11898	44450
11899	39141
11900	29086
11901	59995
11902	48803
11903	29029
11904	64043
11905	45838
11906	27542
11907	58073
11908	55099
11909	43915
11910	39127
11911	69757
11912	30264
11913	31681
11914	72151
11915	72683
11916	52300
11917	41555
11918	45672
11919	26905
11920	35372
11921	44783
11922	68817
11923	67654
11924	51416
11925	38121
11926	29488
11927	51758
11928	46071
11929	34503
11930	34840
11931	47512
11932	68508
11933	26906
11934	31636
11935	37284
11936	73010
11937	71728
11938	25303
11939	59996
11940	42148
11941	43987
11942	74482
11943	64450
11944	30162
11945	71729
11946	34226
11947	64976
11948	38049
11949	24805
11950	62908
11951	32378
11952	40149
11953	69376
11954	57695
11955	25138
11956	70249
11957	71071
11958	52264
11959	35120
11960	54441
11961	66588
11962	50333
11963	35587
11964	36908
11965	33153
11966	66589
11967	37143
11968	25178
11969	51093
11970	25179
11971	56057
11972	29426
11973	65824
11974	69818
11975	47191
11976	61943
11977	24948
11978	32277
11979	35485
11980	28208
11981	46983
11982	26235
11983	32278
11984	73205
11985	54797
11986	25825
11987	32053
11988	69506
11989	41900
11990	28223
11991	30926
11992	60086
11993	41766
11994	33842
11995	40249
11996	35461
11997	33892
11998	33902
11999	41901
12000	69674
12001	47935
12002	43826
12003	30927
12004	46204
12005	45556
12006	34981
12007	34176
12008	50740
12009	73988
12010	34263
12011	27176
12012	67603
12013	29136
12014	26096
12015	33078
12016	28481
12017	49875
12018	28162
12019	36312
12020	26271
12021	38980
12022	71495
12023	27543
12024	25600
12025	38981
12026	42867
12027	35814
12028	38826
12029	28027
12030	25601
12031	44784
12032	60087
12033	35021
12034	40570
12035	42778
12036	63018
12037	34906
12038	55458
12039	72878
12040	74009
12041	46826
12042	52029
12043	63867
12044	39154
12045	31682
12046	52530
12047	52774
12048	45736
12049	60658
12050	73458
12051	29367
12052	69767
12053	60594
12054	46641
12055	69768
12056	30265
12057	42379
12058	73537
12059	62969
12060	46657
12061	35935
12062	60595
12063	38254
12064	35651
12065	38255
12066	33442
12067	64160
12068	69195
12069	64493
12070	30163
12071	42868
12072	72781
12073	62150
12074	27544
12075	67877
12076	37224
12077	28884
12078	48115
12079	50450
12080	55036
12081	48092
12082	25077
12083	39128
12084	49254
12085	44998
12086	43231
12087	68773
12088	36487
12089	53036
12090	60596
12091	69974
12092	63868
12093	57901
12094	48724
12095	52121
12096	73310
12097	35500
12098	44263
12099	33403
12100	65068
12101	26016
12102	44264
12103	56025
12104	41342
12105	47998
12106	33843
12107	50480
12108	28782
12109	60249
12110	61248
12111	29274
12112	24468
12113	62151
12114	34561
12115	25884
12116	48953
12117	29772
12118	52810
12119	61416
12120	72320
12121	35556
12122	36202
12123	28435
12124	69173
12125	69174
12126	26538
12127	38500
12128	62622
12129	35623
12130	24949
12131	28914
12132	66420
12133	30203
12134	51318
12135	32379
12136	57409
12137	66719
12138	58113
12139	38849
12140	25250
12141	71716
12142	44472
12143	43083
12144	48824
12145	31017
12146	66844
12147	27359
12148	74257
12149	52887
12150	33608
12151	42837
12152	42838
12153	37204
12154	61686
12155	74258
12156	56350
12157	36637
12158	45980
12159	37182
12160	42986
12161	36069
12162	74066
12163	53778
12164	49671
12165	39542
12166	38443
12167	40977
12168	65735
12169	47465
12170	41206
12171	47044
12172	48484
12173	52811
12174	28783
12175	24244
12176	35121
12177	25774
12178	36488
12179	25355
12180	31683
12181	38678
12182	28885
12183	61085
12184	50780
12185	30546
12186	53487
12187	27545
12188	28784
12189	72879
12190	63073
12191	59652
12192	29368
12193	59717
12194	30727
12195	62232
12196	28184
12197	35865
12198	26031
12199	45051
12200	63700
12201	31518
12202	31519
12203	45957
12204	44947
12205	30879
12206	62788
12207	28312
12208	49719
12209	52531
12210	24865
12211	29513
12212	51800
12213	45211
12214	71994
12215	48870
12216	28940
12217	36964
12218	25602
12219	55018
12220	39280
12221	64187
12222	49876
12223	33325
12224	35936
12225	35937
12226	71024
12227	73482
12228	32839
12229	34110
12230	24950
12231	29275
12232	66678
12233	58558
12234	42118
12235	54452
12236	34488
12237	31767
12238	28704
12239	45130
12240	35771
12241	43955
12242	63460
12243	34779
12244	47594
12245	59455
12246	62178
12247	52218
12248	49461
12249	31592
12250	31099
12251	24508
12252	47922
12253	36765
12254	32224
12255	38290
12256	50016
12257	27546
12258	55535
12259	42304
12260	41092
12261	45557
12262	60729
12263	39069
12264	39070
12265	54190
12266	29030
12267	36422
12268	46704
12269	34552
12270	36909
12271	31581
12272	31582
12273	34227
12274	38624
12275	64626
12276	30928
12277	29137
12278	24606
12279	46980
12280	29683
12281	28102
12282	29773
12283	69228
12284	48284
12285	29608
12286	48494
12287	39503
12288	48376
12289	48377
12290	48495
12291	44339
12292	48496
12293	29609
12294	28313
12295	28314
12296	73274
12297	29774
12298	43361
12299	39155
12300	44750
12301	58952
12302	49770
12303	53378
12304	48983
12305	43260
12306	29775
12307	44862
12308	26907
12309	57410
12310	35122
12311	61106
12312	45648
12313	45649
12314	45650
12315	69211
12316	38589
12317	55975
12318	30785
12319	30503
12320	61598
12321	44386
12322	36720
12323	58093
12324	70592
12325	70095
12326	68072
12327	45868
12328	24866
12329	24384
12330	24385
12331	31483
12332	60088
12333	31886
12334	56166
12335	25640
12336	73275
12337	32097
12338	31484
12339	36158
12340	36159
12341	36160
12342	53684
12343	34841
12344	41093
12345	32302
12346	65164
12347	68833
12348	67655
12349	41094
12350	67657
12351	33782
12352	64607
12353	27547
12354	56167
12355	26908
12356	26909
12357	27980
12358	36867
12359	58094
12360	29910
12361	46730
12362	42019
12363	55037
12364	55038
12365	55039
12366	37845
12367	41095
12368	34074
12369	34111
12370	52007
12371	32054
12372	61353
12373	64080
12374	39668
12375	55040
12376	25516
12377	49877
12378	30266
12379	57187
12380	42087
12381	38444
12382	33844
12383	44431
12384	40250
12385	64263
12386	41806
12387	60089
12388	34759
12389	37766
12390	70096
12391	25641
12392	24715
12393	26910
12394	43654
12395	54009
12396	28917
12397	45558
12398	45559
12399	47891
12400	30267
12401	73072
12402	34228
12403	63701
12404	51857
12405	63295
12406	50048
12407	30786
12408	40695
12409	72239
12410	45534
12411	44387
12412	69377
12413	32225
12414	57281
12415	32035
12416	65731
12417	30929
12418	25206
12419	73164
12420	64494
12421	33154
12422	50499
12423	26911
12424	35611
12425	25207
12426	33485
12427	45212
12428	69291
12429	27548
12430	42272
12431	34780
12432	61569
12433	60554
12434	27549
12435	64031
12436	34229
12437	32631
12438	33113
12439	35903
12440	71868
12441	40239
12442	26912
12443	56709
12444	34593
12445	40441
12446	40442
12447	46874
12448	25208
12449	74422
12450	33291
12451	40282
12452	41831
12453	41832
12454	25775
12455	63278
12456	60597
12457	69133
12458	63064
12459	44546
12460	37967
12461	33486
12462	44769
12463	65185
12464	39718
12465	44463
12466	64608
12467	64554
12468	65226
12469	62350
12470	70938
12471	29539
12472	51474
12473	34982
12474	42519
12475	34739
12476	34740
12477	38445
12478	32287
12479	25642
12480	48005
12481	24193
12482	24951
12483	49771
12484	46518
12485	58719
12486	29191
12487	35994
12488	30883
12489	33248
12490	74081
12491	29276
12492	24963
12493	70869
12494	58493
12495	73318
12496	30633
12497	69292
12498	28918
12499	33550
12500	46472
12501	37667
12502	74387
12503	53473
12504	39938
12505	60090
12506	45981
12507	40559
12508	25330
12509	43898
12510	56809
12511	55041
12512	68073
12513	36451
12514	73078
12515	28705
12516	32991
12517	37297
12518	71525
12519	29834
12520	57282
12521	25813
12522	51885
12523	63102
12524	31434
12525	61072
12526	26402
12527	41845
12528	27550
12529	37846
12530	48548
12531	35815
12532	35816
12533	26913
12534	36032
12535	36574
12536	66306
12537	27551
12538	58192
12539	52476
12540	72164
12541	67086
12542	29495
12543	71230
12544	53283
12545	38256
12546	31453
12547	57936
12548	26272
12549	73411
12550	37205
12551	38625
12552	62537
12553	46135
12554	33903
12555	66752
12556	69378
12557	74189
12558	26097
12559	26670
12560	68074
12561	25603
12562	35866
12563	42283
12564	37295
12565	68075
12566	29776
12567	46737
12568	32380
12569	72880
12570	51319
12571	42051
12572	33155
12573	28067
12574	57925
12575	33783
12576	46891
12577	60091
12578	37317
12579	36910
12580	31383
12581	31330
12582	34052
12583	49600
12584	27552
12585	68830
12586	62513
12587	33206
12588	72599
12589	62152
12590	51475
12591	42808
12592	44589
12593	36116
12594	32381
12595	40857
12596	27874
12597	60092
12598	65412
12599	37550
12600	45892
12601	29031
12602	69622
12603	41861
12604	29138
12605	27443
12606	49811
12607	67021
12608	51024
12609	63745
12610	64558
12611	60462
12612	63499
12613	38399
12614	53990
12615	26370
12616	25826
12617	44990
12618	37637
12619	64540
12620	30386
12621	54024
12622	70786
12623	36040
12624	40397
12625	37638
12626	25247
12627	43904
12628	54504
12629	40560
12630	72952
12631	25885
12632	72305
12633	72772
12634	25886
12635	53466
12636	29177
12637	72600
12638	54903
12639	60093
12640	72656
12641	50734
12642	38298
12643	59864
12644	57781
12645	74617
12646	52350
12647	68873
12648	72601
12649	25887
12650	27553
12651	47045
12652	61317
12653	32226
12654	42380
12655	70097
12656	72602
12657	27554
12658	51824
12659	60491
12660	38679
12661	41207
12662	58494
12663	30844
12664	41208
12665	29610
12666	39383
12667	66864
12668	57180
12669	27555
12670	50345
12671	41531
12672	63019
12673	69049
12674	61570
12675	32942
12676	55125
12677	30337
12678	50708
12679	44066
12680	27556
12681	65365
12682	41807
12683	36489
12684	65366
12685	58745
12686	54292
12687	52205
12688	54869
12689	54870
12690	28436
12691	54871
12692	51872
12693	27557
12694	24739
12695	51302
12696	38600
12697	68705
12698	66032
12699	30268
12700	38329
12701	66326
12702	63512
12703	59443
12704	73990
12705	32483
12706	32484
12707	35293
12708	49191
12709	25443
12710	28706
12711	49192
12712	38955
12713	31783
12714	26914
12715	49000
12716	36490
12717	55536
12718	73143
12719	46259
12720	35817
12721	62749
12722	44643
12723	50510
12724	31424
12725	55928
12726	70098
12727	63435
12728	63388
12729	52008
12730	29032
12731	68861
12732	55690
12733	42149
12734	27558
12735	73991
12736	32714
12737	36911
12738	29684
12739	31593
12740	51119
12741	66710
12742	34392
12743	56495
12744	40310
12745	68713
12746	36795
12747	28941
12748	48153
12749	27559
12750	48676
12751	29033
12752	30269
12753	30034
12754	66711
12755	35123
12756	43713
12757	31594
12758	44936
12759	34393
12760	42987
12761	39074
12762	62719
12763	31637
12764	47708
12765	35475
12766	38330
12767	40561
12768	26915
12769	25888
12770	42150
12771	24716
12772	66044
12773	41995
12774	64161
12775	51892
12776	33326
12777	64162
12778	55126
12779	53224
12780	50511
12781	59230
12782	25370
12783	48209
12784	49858
12785	26916
12786	47293
12787	29034
12788	30664
12789	26524
12790	55666
12791	46396
12792	43052
12793	32664
12794	47570
12795	51825
12796	57528
12797	40590
12798	66502
12799	48871
12800	74113
12801	32715
12802	61073
12803	69134
12804	69268
12805	26917
12806	38331
12807	73993
12808	71572
12809	62557
12810	31485
12811	41209
12812	62558
12813	37414
12814	65246
12815	37909
12816	37910
12817	34463
12818	34464
12819	73994
12820	45410
12821	42020
12822	34465
12823	73995
12824	45454
12825	73137
12826	47838
12827	48027
12828	48028
12829	38485
12830	26032
12831	63482
12832	53000
12833	63483
12834	47429
12835	26918
12836	26919
12837	34517
12838	69050
12839	35060
12840	25889
12841	65825
12842	27560
12843	28275
12844	26236
12845	48161
12846	26920
12847	41004
12848	30204
12849	26921
12850	58495
12851	30634
12852	41401
12853	56994
12854	54097
12855	67507
12856	31435
12857	31436
12858	74579
12859	29139
12860	39361
12861	57283
12862	62406
12863	44093
12864	58476
12865	28365
12866	39836
12867	47473
12868	25890
12869	27945
12870	40523
12871	39837
12872	53650
12873	31968
12874	48741
12875	38637
12876	30930
12877	57615
12878	26922
12879	26923
12880	43178
12881	37767
12882	42475
12883	51120
12884	50909
12885	55042
12886	33404
12887	37017
12888	43381
12889	50648
12890	28315
12891	46029
12892	69198
12893	47941
12894	53685
12895	47942
12896	47943
12897	62046
12898	55580
12899	71074
12900	34935
12901	56398
12902	25776
12903	29514
12904	51400
12905	41210
12906	35557
12907	65826
12908	27360
12909	27561
12910	40259
12911	57663
12912	44658
12913	37768
12914	64920
12915	49859
12916	43988
12917	43638
12918	27562
12919	68706
12920	29035
12921	41415
12922	25777
12923	52532
12924	29178
12925	37769
12926	42381
12927	38446
12928	50103
12929	65918
12930	28037
12931	27563
12932	25274
12933	44623
12934	53760
12935	33378
12936	38801
12937	41556
12938	68834
12939	53550
12940	39066
12941	41096
12942	64333
12943	34339
12944	30164
12945	46642
12946	26924
12947	40062
12948	29942
12949	52932
12950	41211
12951	41097
12952	40231
12953	26925
12954	52009
12955	36912
12956	43464
12957	27564
12958	29036
12959	25413
12960	40524
12961	57284
12962	37668
12963	54535
12964	29369
12965	72458
12966	42520
12967	25891
12968	25604
12969	25892
12970	74308
12971	62381
12972	41098
12973	53957
12974	44045
12975	72684
12976	45982
12977	26349
12978	30994
12979	58074
12980	74580
12981	72306
12982	26926
12983	36575
12984	56428
12985	37183
12986	25043
12987	34760
12988	35726
12989	41583
12990	26927
12991	74581
12992	42724
12993	36638
12994	28068
12995	24349
12996	38887
12997	43818
12998	60352
12999	47561
13000	46848
13001	34876
13002	71995
13003	51893
13004	33996
13005	37610
13006	48781
13007	33323
13008	24919
13009	36530
13010	59926
13011	43714
13012	38459
13013	24505
13014	33405
13015	72035
13016	31757
13017	47624
13018	39838
13019	25544
13020	27865
13021	29037
13022	26098
13023	32513
13024	25444
13025	38719
13026	53721
13027	42052
13028	26928
13029	46919
13030	33946
13031	51025
13032	54293
13033	39156
13034	53882
13035	26929
13036	59997
13037	51263
13038	51940
13039	61745
13040	61746
13041	39281
13042	34660
13043	72940
13044	31144
13045	59444
13046	40550
13047	30689
13048	66483
13049	49958
13050	73473
13051	36726
13052	27565
13053	71996
13054	31595
13055	35588
13056	56444
13057	54043
13058	60598
13059	66846
13060	40501
13061	28504
13062	32485
13063	48758
13064	28316
13065	59674
13066	61743
13067	42491
13068	44848
13069	49945
13070	35652
13071	33406
13072	74309
13073	27566
13074	60094
13075	48557
13076	37611
13077	54453
13078	54521
13079	60971
13080	28707
13081	52812
13082	60799
13083	42382
13084	60095
13085	46892
13086	67431
13087	34594
13088	42383
13089	56810
13090	69330
13091	28708
13092	55667
13093	45742
13094	43639
13095	42596
13096	28876
13097	36709
13098	34394
13099	60096
13100	34595
13101	52533
13102	41212
13103	32840
13104	45706
13105	32382
13106	34395
13107	45707
13108	36796
13109	33453
13110	43248
13111	36797
13112	41532
13113	63020
13114	74401
13115	35294
13116	46279
13117	27567
13118	28845
13119	31818
13120	60406
13121	42021
13122	33706
13123	40502
13124	27568
13125	28709
13126	60407
13127	60408
13128	60409
13129	30665
13130	32716
13131	47802
13132	32146
13133	34661
13134	28710
13135	29370
13136	26700
13137	24764
13138	56109
13139	44665
13140	32777
13141	56110
13142	40858
13143	45131
13144	39010
13145	68937
13146	25209
13147	40254
13148	31183
13149	41557
13150	24726
13151	56017
13152	57285
13153	35124
13154	66847
13155	66602
13156	45816
13157	24765
13158	71997
13159	27569
13160	32717
13161	61195
13162	61196
13163	40789
13164	74582
13165	33050
13166	61097
13167	61098
13168	46957
13169	39011
13170	39012
13171	41099
13172	42521
13173	66327
13174	53268
13175	28535
13176	53269
13177	60097
13178	64966
13179	26273
13180	42406
13181	27570
13182	32227
13183	29685
13184	45817
13185	34596
13186	54788
13187	31610
13188	49920
13189	57656
13190	31638
13191	53255
13192	62514
13193	27294
13194	25445
13195	40063
13196	57664
13197	57657
13198	70099
13199	25495
13200	30582
13201	34036
13202	28903
13203	27571
13204	45162
13205	53927
13206	66603
13207	38802
13208	43357
13209	42407
13210	34139
13211	38720
13212	59561
13213	69331
13214	64442
13215	53928
13216	30931
13217	35653
13218	47815
13219	34323
13220	58054
13221	64544
13222	38163
13223	42839
13224	68774
13225	40790
13226	69332
13227	51826
13228	64921
13229	42408
13230	49959
13231	26930
13232	28437
13233	27572
13234	42742
13235	45851
13236	51787
13237	45560
13238	55011
13239	34548
13240	72509
13241	41100
13242	42409
13243	42471
13244	42988
13245	27888
13246	35420
13247	39362
13248	26931
13249	37478
13250	31384
13251	67879
13252	53364
13253	32955
13254	71144
13255	35125
13256	47294
13257	47295
13258	60098
13259	37304
13260	37305
13261	43916
13262	27573
13263	42522
13264	41448
13265	72244
13266	37847
13267	40677
13268	47963
13269	40791
13270	55416
13271	37225
13272	74176
13273	33051
13274	65389
13275	33784
13276	53572
13277	47474
13278	73324
13279	69333
13280	50530
13281	31145
13282	47475
13283	36727
13284	26339
13285	29573
13286	48959
13287	57230
13288	32841
13289	34264
13290	34662
13291	29106
13292	42384
13293	29140
13294	42385
13295	42386
13296	29038
13297	47466
13298	62153
13299	24740
13300	36455
13301	36456
13302	59385
13303	40604
13304	68165
13305	56811
13306	63449
13307	32347
13308	71295
13309	57817
13310	73617
13311	50215
13312	55417
13313	51320
13314	39282
13315	46186
13316	33156
13317	51121
13318	25414
13319	49050
13320	45988
13321	33873
13322	32228
13323	54191
13324	28482
13325	30117
13326	41584
13327	39157
13328	57953
13329	27574
13330	43875
13331	42822
13332	25331
13333	29515
13334	26371
13335	40075
13336	68486
13337	25893
13338	69379
13339	26701
13340	50884
13341	68638
13342	55418
13343	54238
13344	27575
13345	68845
13346	61687
13347	33235
13348	35421
13349	72245
13350	53037
13351	62281
13352	58953
13353	42759
13354	72778
13355	44863
13356	46893
13357	44864
13358	44865
13359	44866
13360	44867
13361	44868
13362	44388
13363	67766
13364	26274
13365	38332
13366	35126
13367	47629
13368	41374
13369	51069
13370	31596
13371	27576
13372	32383
13373	51953
13374	26932
13375	38837
13376	28317
13377	69334
13378	29371
13379	69335
13380	69336
13381	28543
13382	25894
13383	32433
13384	54798
13385	58371
13386	47349
13387	39719
13388	43917
13389	29462
13390	38081
13391	32333
13392	59216
13393	59217
13394	57710
13395	35127
13396	27577
13397	45379
13398	34936
13399	55537
13400	38333
13401	60659
13402	25139
13403	48231
13404	53769
13405	52933
13406	66380
13407	65610
13408	27578
13409	46280
13410	30270
13411	49370
13412	66080
13413	72459
13414	56812
13415	73996
13416	34193
13417	47350
13418	55194
13419	59675
13420	33722
13421	44077
13422	51476
13423	29141
13424	31564
13425	50632
13426	41213
13427	43188
13428	30057
13429	46920
13430	25583
13431	34833
13432	31747
13433	44836
13434	29107
13435	51070
13436	39283
13437	25895
13438	68862
13439	56966
13440	46356
13441	26578
13442	32546
13443	46315
13444	46357
13445	47000
13446	26554
13447	37144
13448	43742
13449	45342
13450	31565
13451	68778
13452	27579
13453	46099
13454	71075
13455	50104
13456	32842
13457	29039
13458	42387
13459	44059
13460	69337
13461	24696
13462	67639
13463	46436
13464	30271
13465	58898
13466	50758
13467	26702
13468	37298
13469	55976
13470	63137
13471	41533
13472	27253
13473	50781
13474	59653
13475	41101
13476	27254
13477	26933
13478	51477
13479	41214
13480	30932
13481	62559
13482	56516
13483	46666
13484	26224
13485	39129
13486	38721
13487	47112
13488	63568
13489	54914
13490	68646
13491	39839
13492	63416
13493	25180
13494	27580
13495	36728
13496	60099
13497	44316
13498	28438
13499	68004
13500	28439
13501	55893
13502	24792
13503	33052
13504	37364
13505	58314
13506	51894
13507	66360
13508	38601
13509	27581
13510	59676
13511	39158
13512	29777
13513	64461
13514	34597
13515	31018
13516	34598
13517	47351
13518	36913
13519	35422
13520	74643
13521	30583
13522	30584
13523	41643
13524	55127
13525	53038
13526	40134
13527	32074
13528	34599
13529	37405
13530	55419
13531	38257
13532	58372
13533	55977
13534	26647
13535	45561
13536	48471
13537	48472
13538	43876
13539	43877
13540	28942
13541	69825
13542	45562
13543	65540
13544	65541
13545	44770
13546	58250
13547	47352
13548	27981
13549	42840
13550	40571
13551	62931
13552	44771
13553	54318
13554	24697
13555	49741
13556	27582
13557	34629
13558	46074
13559	42022
13560	38888
13561	70195
13562	66146
13563	40311
13564	27583
13565	31100
13566	49296
13567	31887
13568	44957
13569	53761
13570	44389
13571	39284
13572	28440
13573	42410
13574	47476
13575	50346
13576	58720
13577	51437
13578	51627
13579	56445
13580	46605
13581	27584
13582	57021
13583	26934
13584	55581
13585	60100
13586	35128
13587	62073
13588	67174
13589	38982
13590	39041
13591	50347
13592	49899
13593	32279
13594	28441
13595	41862
13596	49960
13597	43261
13598	68818
13599	26275
13600	56355
13601	69200
13602	42791
13603	53573
13604	73650
13605	73092
13606	58261
13607	30272
13608	65542
13609	65543
13610	73216
13611	41102
13612	59456
13613	52934
13614	32592
13615	37560
13616	43179
13617	29516
13618	40443
13619	27585
13620	58933
13621	42597
13622	73217
13623	37299
13624	39285
13625	45818
13626	55582
13627	63234
13628	36491
13629	67824
13630	29040
13631	37585
13632	41585
13633	26276
13634	34842
13635	37101
13636	55459
13637	45023
13638	27586
13639	35995
13640	39866
13641	47353
13642	49371
13643	35061
13644	35062
13645	35063
13646	44842
13647	44843
13648	38122
13649	47848
13650	37415
13651	47354
13652	52534
13653	52010
13654	72321
13655	27587
13656	43675
13657	25896
13658	41306
13659	55128
13660	66124
13661	33904
13662	55821
13663	55935
13664	53494
13665	53441
13666	44473
13667	30127
13668	34663
13669	35264
13670	36090
13671	38803
13672	44649
13673	39034
13674	28417
13675	35129
13676	36674
13677	43989
13678	28418
13679	29911
13680	40912
13681	70304
13682	49961
13683	37145
13684	43640
13685	64977
13686	54723
13687	35980
13688	57286
13689	32843
13690	62515
13691	56831
13692	42432
13693	55686
13694	48677
13695	60101
13696	31910
13697	69293
13698	43918
13699	25499
13700	43519
13701	66361
13702	73997
13703	73998
13704	45806
13705	38202
13706	25460
13707	26935
13708	30933
13709	52011
13710	40312
13711	51303
13712	56813
13713	34340
13714	47355
13715	30273
13716	55894
13717	59718
13718	27588
13719	51431
13720	60494
13721	54724
13722	65116
13723	42643
13724	34466
13725	26936
13726	60703
13727	33226
13728	63404
13729	72473
13730	29427
13731	37551
13732	68779
13733	55857
13734	67510
13735	27589
13736	34324
13737	53454
13738	47356
13739	33675
13740	45819
13741	47754
13742	66195
13743	52206
13744	52207
13745	52208
13746	52209
13747	47755
13748	60864
13749	72543
13750	42497
13751	49687
13752	39504
13753	33531
13754	27590
13755	32992
13756	46116
13757	42703
13758	60102
13759	60103
13760	45052
13761	54192
13762	44197
13763	56814
13764	42523
13765	49878
13766	46329
13767	26937
13768	37416
13769	37056
13770	65827
13771	26938
13772	47001
13773	25605
13774	49962
13775	53225
13776	26703
13777	32844
13778	43520
13779	51628
13780	60104
13781	72928
13782	41334
13783	26939
13784	57548
13785	29969
13786	39050
13787	58343
13788	26704
13789	48009
13790	43655
13791	32082
13792	34489
13793	31239
13794	27591
13795	35373
13796	72246
13797	65129
13798	27592
13799	39796
13800	69040
13801	67512
13802	67436
13803	41287
13804	53039
13805	41558
13806	30585
13807	51629
13808	37226
13809	25606
13810	55109
13811	56573
13812	67880
13813	25607
13814	59144
13815	37747
13816	65459
13817	50147
13818	39543
13819	60105
13820	32993
13821	54725
13822	38602
13823	25946
13824	29041
13825	35265
13826	72307
13827	47357
13828	60106
13829	27593
13830	64133
13831	35772
13832	60107
13833	49963
13834	42524
13835	61688
13836	67881
13837	34188
13838	35867
13839	60108
13840	37552
13841	49165
13842	31360
13843	29042
13844	64444
13845	38123
13846	36091
13847	51630
13848	49128
13849	58242
13850	35295
13851	48580
13852	55691
13853	54251
13854	25688
13855	28038
13856	61138
13857	30274
13858	60555
13859	45199
13860	28039
13861	57287
13862	45535
13863	64751
13864	70939
13865	37479
13866	67513
13867	68780
13868	60556
13869	60557
13870	62074
13871	37206
13872	38501
13873	52535
13874	58954
13875	39286
13876	62075
13877	34972
13878	25181
13879	70940
13880	68819
13881	49879
13882	57380
13883	34937
13884	59203
13885	43641
13886	69294
13887	30635
13888	50034
13889	49964
13890	59145
13891	34265
13892	60269
13893	24717
13894	49965
13895	50148
13896	32771
13897	46851
13898	63212
13899	27594
13900	40444
13901	36117
13902	41449
13903	50586
13904	42809
13905	43753
13906	43754
13907	25689
13908	30586
13909	44022
13910	25690
13911	25691
13912	25692
13913	37553
13914	25693
13915	25694
13916	25695
13917	27595
13918	71696
13919	31911
13920	42258
13921	37812
13922	65461
13923	34163
13924	62498
13925	33487
13926	48473
13927	34164
13928	52890
13929	54319
13930	41297
13931	43878
13932	33488
13933	33489
13934	34687
13935	54252
13936	27596
13937	34741
13938	34742
13939	34743
13940	70941
13941	38502
13942	38503
13943	47936
13944	37480
13945	41534
13946	60569
13947	25778
13948	72247
13949	28196
13950	36492
13951	73167
13952	25545
13953	68488
13954	32114
13955	25608
13956	65620
13957	39797
13958	34863
13959	54401
13960	49511
13961	47892
13962	31486
13963	46971
13964	43642
13965	28276
13966	45536
13967	29930
13968	41450
13969	50466
13970	49742
13971	63235
13972	34843
13973	73277
13974	68966
13975	59073
13976	32384
13977	26940
13978	51538
13979	32039
13980	32845
13981	60942
13982	26615
13983	74253
13984	38124
13985	34881
13986	73698
13987	35130
13988	57549
13989	52012
13990	32009
13991	68781
13992	48022
13993	39159
13994	64569
13995	34306
13996	31222
13997	67735
13998	26941
13999	60109
14000	35423
14001	72341
14002	27597
14003	44590
14004	64570
14005	64163
14006	37512
14007	41103
14008	56459
14009	27598
14010	61086
14011	25182
14012	52536
14013	69381
14014	54838
14015	61087
14016	35386
14017	71574
14018	42869
14019	37968
14020	59146
14021	64898
14022	26942
14023	34354
14024	61390
14025	36070
14026	27599
14027	44701
14028	41910
14029	59194
14030	38525
14031	57597
14032	43276
14033	62365
14034	37911
14035	37912
14036	62154
14037	71155
14038	50391
14039	33929
14040	27600
14041	28772
14042	64396
14043	68915
14044	73740
14045	28773
14046	68967
14047	27601
14048	45966
14049	42525
14050	45495
14051	52891
14052	44390
14053	57288
14054	45651
14055	27361
14056	52013
14057	27362
14058	45308
14059	25696
14060	25697
14061	43232
14062	33454
14063	30387
14064	27602
14065	64609
14066	39840
14067	69201
14068	39287
14069	39288
14070	26943
14071	37263
14072	68193
14073	56752
14074	47358
14075	55499
14076	52537
14077	54934
14078	60270
14079	41403
14080	38334
14081	73651
14082	49812
14083	35533
14084	59147
14085	37227
14086	25897
14087	30934
14088	26944
14089	27603
14090	32486
14091	57289
14092	42053
14093	56854
14094	61783
14095	34351
14096	53040
14097	29517
14098	67316
14099	51539
14100	51478
14101	62375
14102	42411
14103	64899
14104	37722
14105	71879
14106	52877
14107	52878
14108	28988
14109	31969
14110	59434
14111	39992
14112	54935
14113	27889
14114	46217
14115	39741
14116	49913
14117	52014
14118	49966
14119	60110
14120	49813
14121	67514
14122	38956
14123	37723
14124	59148
14125	43588
14126	26277
14127	54977
14128	29277
14129	65762
14130	55837
14131	34864
14132	42841
14133	70942
14134	50396
14135	37184
14136	26099
14137	45652
14138	27604
14139	58919
14140	50553
14141	31223
14142	44136
14143	70886
14144	36161
14145	27605
14146	47900
14147	73652
14148	25609
14149	28774
14150	33905
14151	40618
14152	57069
14153	66614
14154	29540
14155	37571
14156	37572
14157	29142
14158	28040
14159	41875
14160	41808
14161	41436
14162	27606
14163	32778
14164	27607
14165	26705
14166	30275
14167	37228
14168	37229
14169	73653
14170	38761
14171	56318
14172	38762
14173	55734
14174	33157
14175	37848
14176	42989
14177	53041
14178	29433
14179	29087
14180	28318
14181	39841
14182	58955
14183	27608
14184	67516
14185	72852
14186	27609
14187	70251
14188	70252
14189	36227
14190	26945
14191	52265
14192	44105
14193	32098
14194	45653
14195	29143
14196	71308
14197	25285
14198	30388
14199	60111
14200	28041
14201	27610
14202	27611
14203	26202
14204	29434
14205	27612
14206	28319
14207	62188
14208	41451
14209	56934
14210	26278
14211	46231
14212	28943
14213	28944
14214	29043
14215	44344
14216	60112
14217	64922
14218	42412
14219	68022
14220	51631
14221	26946
14222	69382
14223	33407
14224	27613
14225	33408
14226	56582
14227	26350
14228	60113
14229	39951
14230	52538
14231	32994
14232	51479
14233	26100
14234	40538
14235	64923
14236	32270
14237	54978
14238	41329
14239	25579
14240	35749
14241	60114
14242	33289
14243	68957
14244	40737
14245	48581
14246	62179
14247	48451
14248	35131
14249	39742
14250	29541
14251	46591
14252	48582
14253	46117
14254	27614
14255	55420
14256	37948
14257	73278
14258	37540
14259	28442
14260	33158
14261	56815
14262	67205
14263	50910
14264	50911
14265	34938
14266	30636
14267	44978
14268	39798
14269	41887
14270	45654
14271	50524
14272	67206
14273	42054
14274	34490
14275	38983
14276	34939
14277	29970
14278	31970
14279	43627
14280	35424
14281	51217
14282	50531
14283	38024
14284	26279
14285	60115
14286	53405
14287	55828
14288	65828
14289	48285
14290	64900
14291	27615
14292	27616
14293	32891
14294	26616
14295	38680
14296	65650
14297	34600
14298	27617
14299	28846
14300	63044
14301	67892
14302	50657
14303	24741
14304	42343
14305	24742
14306	27224
14307	57928
14308	28847
14309	70224
14310	48678
14311	60116
14312	69159
14313	69160
14314	32427
14315	27618
14316	72603
14317	29393
14318	65829
14319	58114
14320	60117
14321	27619
14322	39952
14323	27620
14324	42055
14325	25959
14326	27621
14327	37724
14328	27622
14329	44751
14330	51393
14331	51394
14332	36162
14333	52539
14334	64285
14335	34020
14336	50201
14337	27623
14338	35132
14339	40135
14340	52540
14341	36836
14342	46281
14343	64849
14344	35029
14345	38739
14346	49512
14347	27624
14348	55656
14349	35133
14350	36010
14351	59149
14352	30935
14353	30389
14354	57290
14355	27913
14356	59218
14357	73551
14358	30637
14359	26947
14360	69929
14361	36011
14362	72120
14363	72121
14364	49654
14365	39953
14366	57070
14367	39954
14368	73541
14369	29216
14370	49814
14371	55327
14372	55407
14373	48249
14374	32766
14375	55978
14376	28855
14377	43804
14378	51734
14379	26948
14380	43465
14381	38664
14382	34799
14383	50274
14384	50275
14385	28042
14386	31971
14387	33785
14388	25140
14389	71077
14390	71078
14391	27625
14392	62227
14393	33786
14394	47359
14395	62382
14396	34021
14397	55727
14398	66196
14399	50435
14400	34022
14401	61689
14402	54505
14403	39955
14404	47562
14405	27626
14406	27627
14407	59457
14408	72342
14409	45760
14410	27628
14411	27629
14412	44725
14413	27630
14414	27631
14415	27632
14416	70699
14417	63165
14418	28945
14419	39289
14420	33249
14421	60910
14422	39290
14423	31101
14424	31102
14425	27363
14426	60118
14427	44391
14428	31071
14429	45967
14430	41888
14431	69935
14432	34023
14433	32779
14434	50202
14435	27633
14436	47360
14437	38838
14438	57291
14439	37185
14440	57292
14441	40619
14442	27634
14443	52015
14444	27635
14445	27636
14446	32899
14447	69021
14448	42413
14449	27637
14450	54726
14451	32601
14452	54861
14453	59865
14454	26949
14455	44023
14456	42792
14457	71389
14458	33957
14459	33958
14460	70897
14461	56832
14462	45148
14463	58746
14464	41568
14465	41569
14466	34940
14467	27638
14468	49900
14469	68976
14470	32772
14471	36071
14472	41452
14473	26280
14474	69022
14475	39956
14476	39957
14477	43374
14478	56246
14479	48872
14480	64850
14481	68959
14482	35701
14483	66980
14484	52307
14485	48010
14486	37913
14487	37914
14488	60051
14489	28197
14490	25779
14491	30587
14492	44869
14493	44870
14494	25698
14495	25378
14496	25379
14497	42842
14498	29250
14499	38504
14500	60380
14501	62318
14502	59784
14503	32602
14504	35750
14505	43249
14506	64901
14507	48286
14508	27639
14509	46220
14510	28775
14511	32147
14512	36107
14513	38519
14514	66218
14515	43347
14516	51683
14517	47729
14518	41416
14519	26101
14520	31611
14521	36108
14522	31875
14523	62039
14524	36109
14525	70695
14526	27640
14527	71575
14528	44179
14529	27364
14530	34721
14531	34722
14532	28224
14533	57293
14534	41215
14535	64902
14536	62291
14537	35908
14538	47361
14539	36228
14540	33356
14541	66981
14542	50255
14543	66219
14544	60911
14545	42056
14546	62292
14547	72987
14548	67318
14549	50231
14550	57782
14551	69202
14552	24397
14553	65720
14554	37770
