77996	0
78002	1
78005	2
78015	3
78021	4
78023	5
78026	6
78029	7
78032	8
78034	9
78042	10
78048	11
78050	12
78053	13
78056	14
78060	15
78064	16
78066	17
78070	18
78077	19
78080	20
78081	21
78086	22
78095	23
78098	24
78101	25
78103	26
78110	27
78116	28
78119	29
78124	30
78129	31
78130	32
78133	33
78136	34
78139	35
78142	36
78144	37
78148	38
78154	39
78158	40
78161	41
78163	42
78167	43
78171	44
78176	45
78180	46
78182	47
78183	48
78193	49
78198	50
78202	51
78204	52
78206	53
78209	54
78214	55
78217	56
78220	57
78221	58
78228	59
78233	60
78238	61
78243	62
78249	63
78255	64
78258	65
78268	66
78271	67
78277	68
78281	69
78284	70
78287	71
78292	72
78297	73
78300	74
78304	75
78311	76
78312	77
78315	78
78318	79
78321	80
78327	81
78332	82
78335	83
78338	84
78339	85
78342	86
78345	87
78348	88
78349	89
78353	90
78356	91
78358	92
78359	93
78362	94
78364	95
78368	96
78371	97
78373	98
78374	99
78375	100
78376	101
78377	102
78378	103
78379	104
78380	105
78382	106
78384	107
78389	108
78392	109
78395	110
78397	111
78399	112
78402	113
78405	114
78408	115
78413	116
78415	117
78417	118
78418	119
78419	120
78421	121
78424	122
78426	123
78427	124
78429	125
78434	126
78436	127
78440	128
78443	129
78446	130
78447	131
78448	132
78450	133
78453	134
78454	135
78456	136
78457	137
78459	138
78461	139
78464	140
78466	141
78473	142
78474	143
78481	144
78483	145
78486	146
78488	147
78491	148
78500	149
78505	150
78507	151
78510	152
78516	153
78518	154
78521	155
78523	156
78525	157
78529	158
78532	159
78535	160
78539	161
78541	162
78543	163
78548	164
78550	165
78551	166
78553	167
78555	168
78559	169
78564	170
78565	171
78569	172
78574	173
78578	174
78581	175
78587	176
78589	177
78592	178
78598	179
78600	180
78602	181
78607	182
78610	183
78616	184
78618	185
78621	186
78623	187
78627	188
78632	189
78635	190
78636	191
78640	192
78642	193
78647	194
78652	195
78655	196
78659	197
78660	198
78662	199
78665	200
78667	201
78673	202
78677	203
78679	204
78681	205
78690	206
78693	207
78697	208
78699	209
78702	210
78707	211
78712	212
78714	213
78716	214
78720	215
78722	216
78725	217
78729	218
78733	219
78735	220
78737	221
78740	222
78743	223
78746	224
78749	225
78750	226
78752	227
78753	228
78755	229
78760	230
78764	231
78771	232
78774	233
78778	234
78780	235
78781	236
78782	237
78784	238
78786	239
78788	240
78790	241
78791	242
78793	243
78795	244
78798	245
78802	246
78804	247
78809	248
78812	249
78817	250
78820	251
78824	252
78826	253
78828	254
78831	255
78832	256
78835	257
78840	258
78844	259
78848	260
78859	261
78863	262
78868	263
78873	264
78875	265
78882	266
78886	267
78889	268
78893	269
78898	270
78903	271
78911	272
78913	273
78915	274
78917	275
78922	276
78924	277
78926	278
78929	279
78933	280
78939	281
78944	282
78949	283
78951	284
78953	285
78955	286
78958	287
78962	288
78968	289
78970	290
78972	291
78975	292
78977	293
78981	294
78983	295
78986	296
78988	297
78991	298
78993	299
78995	300
79002	301
79004	302
79006	303
79009	304
79014	305
79017	306
79019	307
79026	308
79035	309
79038	310
79040	311
79042	312
79043	313
79050	314
79055	315
79058	316
79061	317
79065	318
79069	319
79071	320
79073	321
79074	322
79078	323
79081	324
79084	325
79086	326
79088	327
79097	328
79099	329
79101	330
79104	331
79107	332
79110	333
79115	334
79116	335
79118	336
79122	337
79123	338
79127	339
79129	340
79133	341
79137	342
79142	343
79146	344
79149	345
79156	346
79160	347
79161	348
79164	349
79165	350
79169	351
79173	352
79175	353
79178	354
79181	355
79186	356
79189	357
79192	358
79194	359
79197	360
79200	361
79204	362
79206	363
79209	364
79212	365
79218	366
79221	367
79224	368
79227	369
79231	370
79233	371
79238	372
79241	373
79242	374
79249	375
79251	376
79255	377
79258	378
79261	379
79263	380
79264	381
79271	382
79274	383
79277	384
79279	385
79280	386
79284	387
79289	388
79295	389
79298	390
79301	391
79303	392
79305	393
79307	394
79312	395
79313	396
79315	397
79317	398
79318	399
79323	400
79329	401
79331	402
79336	403
79345	404
79347	405
79350	406
79357	407
79358	408
79362	409
79367	410
79376	411
79379	412
79384	413
79388	414
79391	415
79394	416
79397	417
79400	418
79402	419
79405	420
79407	421
79409	422
79412	423
79414	424
79415	425
79417	426
79420	427
79423	428
79429	429
79435	430
79440	431
79443	432
79449	433
79450	434
79454	435
79457	436
79459	437
79464	438
79465	439
79467	440
79472	441
79474	442
79479	443
79481	444
79482	445
79484	446
79488	447
79496	448
79498	449
79501	450
79505	451
79510	452
79515	453
79517	454
79528	455
79529	456
79534	457
79538	458
79540	459
79548	460
79550	461
79554	462
79561	463
79564	464
79568	465
79571	466
79580	467
79583	468
79587	469
79593	470
79601	471
79606	472
79608	473
79611	474
79614	475
79617	476
79621	477
79623	478
79625	479
79627	480
79634	481
79638	482
79640	483
79643	484
79648	485
79651	486
79655	487
79658	488
79662	489
79663	490
79666	491
79673	492
79676	493
79678	494
79681	495
79700	496
79703	497
79714	498
79718	499
79720	500
79725	501
79726	502
79730	503
79733	504
79737	505
79742	506
79745	507
79748	508
79752	509
79754	510
79756	511
79758	512
79763	513
79765	514
79769	515
79772	516
79778	517
79780	518
79781	519
79783	520
79784	521
79787	522
79789	523
79793	524
79795	525
79797	526
79801	527
79804	528
79808	529
79814	530
79818	531
79820	532
79825	533
79832	534
79833	535
79835	536
79837	537
79844	538
79848	539
79850	540
79851	541
79853	542
79859	543
79865	544
79870	545
79878	546
79883	547
79888	548
79890	549
79892	550
79894	551
79904	552
79907	553
79913	554
79914	555
79917	556
79919	557
79926	558
79930	559
79933	560
79936	561
79940	562
79943	563
79946	564
79948	565
79953	566
79958	567
79960	568
79966	569
79969	570
79972	571
79974	572
79978	573
79981	574
79983	575
79987	576
79989	577
79993	578
79995	579
79998	580
80002	581
80005	582
80008	583
80016	584
80020	585
80023	586
80025	587
80026	588
80028	589
80033	590
80035	591
80040	592
80045	593
80048	594
80053	595
80059	596
80065	597
80068	598
80070	599
80074	600
80080	601
80083	602
80085	603
80090	604
80095	605
80101	606
80103	607
80105	608
80106	609
80113	610
80117	611
80119	612
80122	613
80123	614
80127	615
80130	616
80132	617
80135	618
80138	619
80139	620
80144	621
80146	622
80150	623
80151	624
80152	625
80155	626
80157	627
80161	628
80163	629
80166	630
80171	631
80175	632
80179	633
80182	634
80185	635
80193	636
80197	637
80206	638
80213	639
80218	640
80223	641
80225	642
80229	643
80234	644
80236	645
80237	646
80241	647
80246	648
80247	649
80251	650
80253	651
80257	652
80262	653
80265	654
80272	655
80277	656
80280	657
80285	658
80288	659
80295	660
80297	661
80301	662
80303	663
80304	664
80307	665
80308	666
80310	667
80315	668
80317	669
80320	670
80322	671
80324	672
80325	673
80329	674
80331	675
80334	676
80336	677
80344	678
80346	679
80348	680
80353	681
80357	682
80365	683
80372	684
80378	685
80385	686
80387	687
80389	688
80393	689
80395	690
80398	691
80401	692
80404	693
80408	694
80411	695
80415	696
80418	697
80422	698
80426	699
80429	700
80433	701
80437	702
80440	703
80443	704
80446	705
80454	706
80460	707
80462	708
80466	709
80469	710
80476	711
80477	712
80482	713
80485	714
80491	715
80492	716
80495	717
80499	718
80506	719
80507	720
80510	721
80517	722
80519	723
80525	724
80528	725
80531	726
80533	727
80538	728
80541	729
80545	730
80547	731
80549	732
80551	733
80555	734
80557	735
80560	736
80563	737
80564	738
80567	739
80570	740
80571	741
80575	742
80580	743
80583	744
80588	745
80591	746
80597	747
80599	748
80608	749
80613	750
80618	751
80620	752
80623	753
80627	754
80630	755
80634	756
80637	757
80639	758
80641	759
80642	760
80643	761
80649	762
80653	763
80656	764
80662	765
80664	766
80668	767
80671	768
80678	769
80680	770
80682	771
80684	772
80686	773
80689	774
80693	775
80700	776
80703	777
80709	778
80713	779
80717	780
80718	781
80721	782
80724	783
80727	784
80729	785
80731	786
80735	787
80746	788
80750	789
80755	790
80756	791
80759	792
80762	793
80767	794
80771	795
80773	796
80776	797
80780	798
80781	799
80783	800
80785	801
80790	802
80791	803
80794	804
80800	805
80806	806
80809	807
80812	808
80816	809
80819	810
80821	811
80824	812
80827	813
80829	814
80833	815
80834	816
80837	817
80843	818
80845	819
80847	820
80852	821
80854	822
80855	823
80857	824
80861	825
80863	826
80865	827
80868	828
80871	829
80874	830
80876	831
80879	832
80883	833
80884	834
80886	835
80894	836
80898	837
80901	838
80904	839
80909	840
80918	841
80920	842
80925	843
80928	844
80932	845
80935	846
80937	847
80939	848
80943	849
80948	850
80950	851
80954	852
80956	853
80960	854
80965	855
80969	856
80976	857
80978	858
80987	859
80990	860
80993	861
80996	862
81003	863
81004	864
81007	865
81011	866
81013	867
81016	868
81019	869
81023	870
81024	871
81026	872
81027	873
81035	874
81038	875
81040	876
81042	877
81045	878
81048	879
81052	880
81054	881
81061	882
81065	883
81067	884
81068	885
81070	886
81077	887
81080	888
81085	889
81087	890
81090	891
81094	892
81102	893
81111	894
81118	895
81119	896
81122	897
81124	898
81127	899
81131	900
81135	901
81139	902
81143	903
81149	904
81154	905
81157	906
81161	907
81166	908
81168	909
81170	910
81174	911
81176	912
81180	913
81184	914
81188	915
81191	916
81193	917
81196	918
81197	919
81199	920
81202	921
81204	922
81205	923
81208	924
81210	925
81211	926
81212	927
81215	928
81217	929
81219	930
81222	931
81225	932
81227	933
81228	934
81237	935
81239	936
81242	937
81247	938
81253	939
81256	940
81260	941
81263	942
81266	943
81269	944
81275	945
81281	946
81283	947
81285	948
81288	949
81291	950
81293	951
81296	952
81299	953
81301	954
81303	955
81304	956
81306	957
81309	958
81311	959
81318	960
81322	961
81324	962
81331	963
81332	964
81335	965
81338	966
81342	967
81347	968
81349	969
81354	970
81357	971
81359	972
81362	973
81365	974
81369	975
81370	976
81372	977
81381	978
81390	979
81394	980
81395	981
81398	982
81402	983
81407	984
81409	985
81412	986
81416	987
81419	988
81422	989
81425	990
81428	991
81430	992
81434	993
81435	994
81438	995
81443	996
81445	997
81451	998
81454	999
81459	1000
81460	1001
81464	1002
81468	1003
81473	1004
81477	1005
81482	1006
81485	1007
81490	1008
81494	1009
81499	1010
81501	1011
81510	1012
81513	1013
81517	1014
81520	1015
81537	1016
81540	1017
81544	1018
81548	1019
81553	1020
81558	1021
81561	1022
81562	1023
81564	1024
81568	1025
81572	1026
81574	1027
81578	1028
81581	1029
81584	1030
81587	1031
81588	1032
81592	1033
81595	1034
81599	1035
81604	1036
81607	1037
81611	1038
81615	1039
81622	1040
81625	1041
81626	1042
81629	1043
81638	1044
81641	1045
81644	1046
81648	1047
81650	1048
81655	1049
81658	1050
81661	1051
81670	1052
81675	1053
81676	1054
81678	1055
81687	1056
81692	1057
81697	1058
81699	1059
81705	1060
81707	1061
81709	1062
81712	1063
81715	1064
81719	1065
81722	1066
81724	1067
81725	1068
81730	1069
81732	1070
81733	1071
81734	1072
81738	1073
81742	1074
81747	1075
81750	1076
81752	1077
81753	1078
81756	1079
81763	1080
81766	1081
81772	1082
81774	1083
81776	1084
81780	1085
81784	1086
81786	1087
81791	1088
81794	1089
81795	1090
81797	1091
81801	1092
81803	1093
81805	1094
81808	1095
81810	1096
81816	1097
81820	1098
81823	1099
81827	1100
81833	1101
81834	1102
81835	1103
81841	1104
81846	1105
81850	1106
81852	1107
81856	1108
81864	1109
81868	1110
81881	1111
81884	1112
81887	1113
81889	1114
81893	1115
81897	1116
81898	1117
81902	1118
81906	1119
81908	1120
81918	1121
81921	1122
81927	1123
81928	1124
81929	1125
81934	1126
81935	1127
81936	1128
81939	1129
81944	1130
81946	1131
81947	1132
81950	1133
81958	1134
81962	1135
81964	1136
81967	1137
81971	1138
81974	1139
81977	1140
81981	1141
81983	1142
81985	1143
81987	1144
81988	1145
81991	1146
81994	1147
81999	1148
82002	1149
82004	1150
82007	1151
82010	1152
82011	1153
82012	1154
82015	1155
82016	1156
82018	1157
82020	1158
82023	1159
82027	1160
82028	1161
82034	1162
82035	1163
82038	1164
82041	1165
82044	1166
82047	1167
82048	1168
82049	1169
82051	1170
82053	1171
82056	1172
82061	1173
82063	1174
82071	1175
82076	1176
82078	1177
82080	1178
82082	1179
82084	1180
82088	1181
82093	1182
82096	1183
82101	1184
82104	1185
82107	1186
82112	1187
82113	1188
82115	1189
82122	1190
82124	1191
82130	1192
82133	1193
82135	1194
82139	1195
82145	1196
82149	1197
82152	1198
82161	1199
82163	1200
82166	1201
82170	1202
82173	1203
82175	1204
82179	1205
82185	1206
82188	1207
82189	1208
82196	1209
82198	1210
82207	1211
82215	1212
82216	1213
82218	1214
82220	1215
82222	1216
82230	1217
82235	1218
82242	1219
82248	1220
82250	1221
82256	1222
82259	1223
82266	1224
82273	1225
82278	1226
82283	1227
82285	1228
82287	1229
82294	1230
82296	1231
82298	1232
82303	1233
82306	1234
82310	1235
82313	1236
82328	1237
82330	1238
82331	1239
82333	1240
82336	1241
82339	1242
82340	1243
82343	1244
82347	1245
82348	1246
82351	1247
82354	1248
82355	1249
82356	1250
82365	1251
82370	1252
82372	1253
82375	1254
82377	1255
82379	1256
82381	1257
82385	1258
82387	1259
82391	1260
82393	1261
82398	1262
82401	1263
82404	1264
82405	1265
82409	1266
82412	1267
82415	1268
82422	1269
82425	1270
82427	1271
82432	1272
82435	1273
82436	1274
82437	1275
82438	1276
82439	1277
82443	1278
82444	1279
82448	1280
82452	1281
82455	1282
82457	1283
82467	1284
82470	1285
82471	1286
82473	1287
82479	1288
82483	1289
82484	1290
82490	1291
82491	1292
82492	1293
82496	1294
82498	1295
82500	1296
82504	1297
82506	1298
82510	1299
82512	1300
82517	1301
82520	1302
82523	1303
82526	1304
82530	1305
82536	1306
82540	1307
82542	1308
82548	1309
82551	1310
82554	1311
82556	1312
82558	1313
82561	1314
82565	1315
82568	1316
82571	1317
82575	1318
82577	1319
82581	1320
82583	1321
82586	1322
82591	1323
82596	1324
82602	1325
82607	1326
82610	1327
82617	1328
82619	1329
82620	1330
82624	1331
82625	1332
82631	1333
82634	1334
82635	1335
82644	1336
82652	1337
82659	1338
82662	1339
82663	1340
82665	1341
82667	1342
82670	1343
82677	1344
82680	1345
82681	1346
82684	1347
82688	1348
82692	1349
82697	1350
82699	1351
82701	1352
82706	1353
82712	1354
82716	1355
82718	1356
82724	1357
82728	1358
82731	1359
82734	1360
82736	1361
82739	1362
82742	1363
82749	1364
82753	1365
82755	1366
82756	1367
82759	1368
82764	1369
82766	1370
82769	1371
82772	1372
82778	1373
82783	1374
82785	1375
82787	1376
82789	1377
82796	1378
82799	1379
82804	1380
82810	1381
82818	1382
82821	1383
82824	1384
82827	1385
82829	1386
82832	1387
82834	1388
82836	1389
82845	1390
82846	1391
82850	1392
82853	1393
82858	1394
82861	1395
82865	1396
82867	1397
82873	1398
82877	1399
82880	1400
82881	1401
82884	1402
82887	1403
82890	1404
82892	1405
82896	1406
82898	1407
82901	1408
82902	1409
82905	1410
82907	1411
82912	1412
82914	1413
82917	1414
82921	1415
82923	1416
82930	1417
82931	1418
82940	1419
82943	1420
82945	1421
82946	1422
82948	1423
82950	1424
82953	1425
82956	1426
82959	1427
82960	1428
82962	1429
82964	1430
82968	1431
82972	1432
82979	1433
82981	1434
82985	1435
82987	1436
82992	1437
82995	1438
83001	1439
83005	1440
83007	1441
83010	1442
83011	1443
83014	1444
83017	1445
83020	1446
83026	1447
83030	1448
83032	1449
83034	1450
83037	1451
83040	1452
83042	1453
83045	1454
83049	1455
83052	1456
83056	1457
83058	1458
83062	1459
83066	1460
83069	1461
83072	1462
83077	1463
83079	1464
83085	1465
83087	1466
83089	1467
83092	1468
83095	1469
83103	1470
83107	1471
83109	1472
83111	1473
83112	1474
83115	1475
83116	1476
83121	1477
83125	1478
83132	1479
83136	1480
83138	1481
83140	1482
83142	1483
83144	1484
83147	1485
83149	1486
83153	1487
83154	1488
83155	1489
83158	1490
83164	1491
83171	1492
83174	1493
83176	1494
83177	1495
83182	1496
83187	1497
83189	1498
83191	1499
83193	1500
83194	1501
83195	1502
83199	1503
83201	1504
83204	1505
83206	1506
83209	1507
83211	1508
83216	1509
83220	1510
83222	1511
83235	1512
83240	1513
83243	1514
83247	1515
83249	1516
83252	1517
83254	1518
83255	1519
83259	1520
83261	1521
83266	1522
83267	1523
83273	1524
83274	1525
83276	1526
83277	1527
83279	1528
83281	1529
83284	1530
83287	1531
83288	1532
83291	1533
83298	1534
83304	1535
83308	1536
83311	1537
83314	1538
83318	1539
83326	1540
83336	1541
83341	1542
83344	1543
83348	1544
83351	1545
83357	1546
83360	1547
83363	1548
83367	1549
83369	1550
83374	1551
83375	1552
83379	1553
83382	1554
83385	1555
83393	1556
83396	1557
83402	1558
83403	1559
83409	1560
83413	1561
83417	1562
83419	1563
83428	1564
83432	1565
83435	1566
83439	1567
83441	1568
83443	1569
83445	1570
83448	1571
83451	1572
83452	1573
83456	1574
83458	1575
83462	1576
83467	1577
83472	1578
83473	1579
83476	1580
83479	1581
83482	1582
83484	1583
83487	1584
83489	1585
83493	1586
83496	1587
83499	1588
83504	1589
83505	1590
83506	1591
83509	1592
83511	1593
83513	1594
83516	1595
83517	1596
83519	1597
83525	1598
83527	1599
83530	1600
83533	1601
83536	1602
83537	1603
83538	1604
83540	1605
83546	1606
83549	1607
83551	1608
83556	1609
83559	1610
83563	1611
83566	1612
83569	1613
83570	1614
83571	1615
83573	1616
83577	1617
83582	1618
83585	1619
83588	1620
83590	1621
83593	1622
83598	1623
83600	1624
83601	1625
83604	1626
83605	1627
83610	1628
83619	1629
83623	1630
83630	1631
83633	1632
83634	1633
83637	1634
83639	1635
83642	1636
83644	1637
83647	1638
83654	1639
83656	1640
83658	1641
83661	1642
83665	1643
83670	1644
83672	1645
83673	1646
83678	1647
83679	1648
83681	1649
83687	1650
83691	1651
83694	1652
83697	1653
83702	1654
83704	1655
83707	1656
83708	1657
83710	1658
83713	1659
83722	1660
83726	1661
83729	1662
83732	1663
83737	1664
83741	1665
83746	1666
83748	1667
83750	1668
83754	1669
83756	1670
83760	1671
83761	1672
83766	1673
83767	1674
83769	1675
83771	1676
83774	1677
83780	1678
83783	1679
83790	1680
83794	1681
83795	1682
83797	1683
83801	1684
83806	1685
83813	1686
83817	1687
83822	1688
83829	1689
83834	1690
83840	1691
83843	1692
83849	1693
83853	1694
83855	1695
83860	1696
83865	1697
83874	1698
83882	1699
83886	1700
83889	1701
83893	1702
83900	1703
83902	1704
83907	1705
83910	1706
83915	1707
83918	1708
83925	1709
83928	1710
83930	1711
83931	1712
83936	1713
83937	1714
83938	1715
83943	1716
83945	1717
83947	1718
83950	1719
83952	1720
83953	1721
83960	1722
83965	1723
83970	1724
83972	1725
83977	1726
83979	1727
83982	1728
83986	1729
83989	1730
83993	1731
83999	1732
84000	1733
84002	1734
84005	1735
84008	1736
84009	1737
84015	1738
84019	1739
84023	1740
84026	1741
84029	1742
84035	1743
84039	1744
84043	1745
84045	1746
84048	1747
84053	1748
84055	1749
84058	1750
84059	1751
84062	1752
84065	1753
84069	1754
84071	1755
84073	1756
84077	1757
84084	1758
84089	1759
84093	1760
84095	1761
84100	1762
84105	1763
84112	1764
84115	1765
84117	1766
84121	1767
84126	1768
84128	1769
84132	1770
84138	1771
84142	1772
84144	1773
84148	1774
84152	1775
84156	1776
84162	1777
84165	1778
84167	1779
84170	1780
84176	1781
84177	1782
84180	1783
84183	1784
84186	1785
84187	1786
84189	1787
84192	1788
84196	1789
84198	1790
84199	1791
84202	1792
84203	1793
84206	1794
84210	1795
84213	1796
84216	1797
84223	1798
84230	1799
84232	1800
84240	1801
84242	1802
84245	1803
84246	1804
84254	1805
84258	1806
84267	1807
84270	1808
84272	1809
84278	1810
84283	1811
84286	1812
84295	1813
84297	1814
84300	1815
84302	1816
84305	1817
84313	1818
84316	1819
84321	1820
84326	1821
84329	1822
84331	1823
84333	1824
84339	1825
84343	1826
84345	1827
84347	1828
84351	1829
84352	1830
84356	1831
84359	1832
84362	1833
84364	1834
84372	1835
84374	1836
84379	1837
84381	1838
84383	1839
84384	1840
84387	1841
84389	1842
84395	1843
84396	1844
84398	1845
84411	1846
84416	1847
84417	1848
84418	1849
84421	1850
84423	1851
84427	1852
84430	1853
84433	1854
84435	1855
84439	1856
84445	1857
84446	1858
84449	1859
84453	1860
84461	1861
84466	1862
84469	1863
84471	1864
84476	1865
84483	1866
84487	1867
84489	1868
84493	1869
84495	1870
84501	1871
84504	1872
84509	1873
84512	1874
84515	1875
84519	1876
84522	1877
84526	1878
84534	1879
84537	1880
84540	1881
84541	1882
84543	1883
84545	1884
84549	1885
84552	1886
84555	1887
84558	1888
84563	1889
84565	1890
84568	1891
84572	1892
84575	1893
84578	1894
84581	1895
84582	1896
84584	1897
84586	1898
84590	1899
84595	1900
84597	1901
84602	1902
84603	1903
84606	1904
84610	1905
84615	1906
84624	1907
84628	1908
84631	1909
84633	1910
84634	1911
84639	1912
84643	1913
84644	1914
84647	1915
84649	1916
84653	1917
84655	1918
84662	1919
84665	1920
84668	1921
84671	1922
84673	1923
84677	1924
84680	1925
84683	1926
84690	1927
84693	1928
84703	1929
84705	1930
84706	1931
84708	1932
84712	1933
84714	1934
84717	1935
84720	1936
84723	1937
84730	1938
84731	1939
84733	1940
84735	1941
84741	1942
84744	1943
84746	1944
84750	1945
84758	1946
84759	1947
84761	1948
84766	1949
84771	1950
84773	1951
84775	1952
84777	1953
84779	1954
84782	1955
84783	1956
84784	1957
84790	1958
84795	1959
84802	1960
84804	1961
84808	1962
84816	1963
84820	1964
84824	1965
84825	1966
84833	1967
84838	1968
84840	1969
84843	1970
84847	1971
84849	1972
84852	1973
84854	1974
84855	1975
84857	1976
84859	1977
84861	1978
84863	1979
84866	1980
84869	1981
84873	1982
84875	1983
84884	1984
84889	1985
84891	1986
84893	1987
84895	1988
84900	1989
84902	1990
84904	1991
84906	1992
84909	1993
84913	1994
84917	1995
84919	1996
84922	1997
84924	1998
84925	1999
84927	2000
84928	2001
84929	2002
84931	2003
84935	2004
84938	2005
84941	2006
84943	2007
84948	2008
84952	2009
84953	2010
84955	2011
84959	2012
84961	2013
84966	2014
84969	2015
84972	2016
84975	2017
84981	2018
84986	2019
84992	2020
84997	2021
85000	2022
85001	2023
85003	2024
85005	2025
85008	2026
85012	2027
85023	2028
85025	2029
85031	2030
85033	2031
85035	2032
85040	2033
85044	2034
85049	2035
85053	2036
85055	2037
85060	2038
85063	2039
85066	2040
85070	2041
85073	2042
85080	2043
85088	2044
85093	2045
85094	2046
85097	2047
85100	2048
85104	2049
85105	2050
85110	2051
85115	2052
85118	2053
85119	2054
85124	2055
85132	2056
85136	2057
85138	2058
85141	2059
85145	2060
85147	2061
85148	2062
85152	2063
85153	2064
85155	2065
85157	2066
85159	2067
85175	2068
85178	2069
85183	2070
85184	2071
85185	2072
85186	2073
85187	2074
85191	2075
85194	2076
85200	2077
85203	2078
85206	2079
85208	2080
85211	2081
85215	2082
85219	2083
85224	2084
85228	2085
85230	2086
85233	2087
85247	2088
85251	2089
85253	2090
85256	2091
85259	2092
85265	2093
85267	2094
85270	2095
85272	2096
85274	2097
85275	2098
85279	2099
85280	2100
85282	2101
85283	2102
85288	2103
85294	2104
85298	2105
85300	2106
85304	2107
85310	2108
85313	2109
85318	2110
85320	2111
85325	2112
85328	2113
85331	2114
85334	2115
85338	2116
85341	2117
85346	2118
85349	2119
85356	2120
85364	2121
85371	2122
85372	2123
85374	2124
85378	2125
85381	2126
85385	2127
85387	2128
85394	2129
85397	2130
85401	2131
85404	2132
85408	2133
85410	2134
85415	2135
85418	2136
85419	2137
85428	2138
85431	2139
85434	2140
85438	2141
85441	2142
85456	2143
85470	2144
85471	2145
85474	2146
85476	2147
85479	2148
85481	2149
85484	2150
85490	2151
85493	2152
85494	2153
85500	2154
85503	2155
85509	2156
85518	2157
85522	2158
85525	2159
85528	2160
85531	2161
85538	2162
85541	2163
85543	2164
85544	2165
85545	2166
85550	2167
85551	2168
85554	2169
85556	2170
85559	2171
85564	2172
85568	2173
85571	2174
85574	2175
85575	2176
85577	2177
85578	2178
85580	2179
85584	2180
85586	2181
85587	2182
85589	2183
85592	2184
85601	2185
85606	2186
85608	2187
85610	2188
85612	2189
85622	2190
85633	2191
85637	2192
85640	2193
85644	2194
85647	2195
85651	2196
85653	2197
85656	2198
85659	2199
85663	2200
85664	2201
85666	2202
85676	2203
85679	2204
85685	2205
85687	2206
85689	2207
85692	2208
85699	2209
85701	2210
85703	2211
85706	2212
85710	2213
85714	2214
85716	2215
85718	2216
85721	2217
85724	2218
85725	2219
85726	2220
85730	2221
85736	2222
85740	2223
85744	2224
85746	2225
85750	2226
85753	2227
85756	2228
85765	2229
85768	2230
85774	2231
85775	2232
85778	2233
85780	2234
85782	2235
85790	2236
85792	2237
85794	2238
85797	2239
85801	2240
85803	2241
85806	2242
85815	2243
85816	2244
85819	2245
85824	2246
85827	2247
85831	2248
85838	2249
85841	2250
85846	2251
85853	2252
85859	2253
85862	2254
85865	2255
85868	2256
85869	2257
85875	2258
85878	2259
85881	2260
85884	2261
85887	2262
85890	2263
85893	2264
85896	2265
85898	2266
85905	2267
85908	2268
85914	2269
85916	2270
85917	2271
85919	2272
85923	2273
85925	2274
85945	2275
85951	2276
85954	2277
85957	2278
85961	2279
85963	2280
85968	2281
85970	2282
85974	2283
85977	2284
85980	2285
85983	2286
85985	2287
85988	2288
85991	2289
85993	2290
86000	2291
86003	2292
86007	2293
86011	2294
86012	2295
86015	2296
86017	2297
86018	2298
86021	2299
86024	2300
86027	2301
86036	2302
86042	2303
86045	2304
86046	2305
86049	2306
86051	2307
86056	2308
86065	2309
86069	2310
86071	2311
86075	2312
86078	2313
86081	2314
86084	2315
86086	2316
86088	2317
86089	2318
86099	2319
86101	2320
86104	2321
86114	2322
86118	2323
86119	2324
86122	2325
86125	2326
86130	2327
86132	2328
86135	2329
86141	2330
86145	2331
86150	2332
86153	2333
86156	2334
86159	2335
86164	2336
86166	2337
86172	2338
86174	2339
86178	2340
86184	2341
86185	2342
86186	2343
86195	2344
86197	2345
86199	2346
86205	2347
86208	2348
86209	2349
86213	2350
86215	2351
86221	2352
86223	2353
86225	2354
86226	2355
86229	2356
86235	2357
86237	2358
86239	2359
86244	2360
86248	2361
86250	2362
86251	2363
86253	2364
86256	2365
86260	2366
86261	2367
86263	2368
86267	2369
86270	2370
86272	2371
86275	2372
86283	2373
86285	2374
86288	2375
86291	2376
86292	2377
86294	2378
86301	2379
86303	2380
86306	2381
86309	2382
86310	2383
86314	2384
86318	2385
86320	2386
86322	2387
86325	2388
86329	2389
86334	2390
86338	2391
86343	2392
86345	2393
86351	2394
86355	2395
86356	2396
86360	2397
86361	2398
86370	2399
86372	2400
86376	2401
86378	2402
86384	2403
86386	2404
86389	2405
86393	2406
86395	2407
86397	2408
86398	2409
86400	2410
86404	2411
86408	2412
86410	2413
86412	2414
86421	2415
86423	2416
86433	2417
86437	2418
86439	2419
86447	2420
86448	2421
86450	2422
86455	2423
86457	2424
86461	2425
86463	2426
86465	2427
86468	2428
86470	2429
86472	2430
86474	2431
86478	2432
86482	2433
86488	2434
86496	2435
86504	2436
86507	2437
86509	2438
86513	2439
86516	2440
86518	2441
86521	2442
86523	2443
86525	2444
86528	2445
86532	2446
86534	2447
86540	2448
86545	2449
86547	2450
86551	2451
86553	2452
86555	2453
86557	2454
86558	2455
86559	2456
86565	2457
86568	2458
86573	2459
86575	2460
86579	2461
86581	2462
86585	2463
86588	2464
86590	2465
86595	2466
86597	2467
86599	2468
86600	2469
86603	2470
86605	2471
86609	2472
86613	2473
86617	2474
86620	2475
86622	2476
86624	2477
86628	2478
86631	2479
86634	2480
86638	2481
86642	2482
86643	2483
86645	2484
86650	2485
86652	2486
86654	2487
86655	2488
86657	2489
86661	2490
86664	2491
86671	2492
86672	2493
86673	2494
86674	2495
86675	2496
86676	2497
86680	2498
86685	2499
86687	2500
86689	2501
86691	2502
86693	2503
86699	2504
86701	2505
86705	2506
86709	2507
86712	2508
86713	2509
86714	2510
86716	2511
86718	2512
86720	2513
86723	2514
86730	2515
86736	2516
86738	2517
86741	2518
86752	2519
86760	2520
86761	2521
86763	2522
86766	2523
86769	2524
86771	2525
86776	2526
86781	2527
86783	2528
86788	2529
86790	2530
86792	2531
86795	2532
86797	2533
86799	2534
86802	2535
86806	2536
86809	2537
86814	2538
86817	2539
86820	2540
86824	2541
86825	2542
86829	2543
86839	2544
86841	2545
86844	2546
86847	2547
86850	2548
86852	2549
86855	2550
86857	2551
86859	2552
86864	2553
86868	2554
86870	2555
86877	2556
86880	2557
86881	2558
86884	2559
86886	2560
86887	2561
86892	2562
86894	2563
86897	2564
86899	2565
86901	2566
86903	2567
86907	2568
86913	2569
86921	2570
86928	2571
86932	2572
86934	2573
86935	2574
86938	2575
86942	2576
86946	2577
86949	2578
86953	2579
86958	2580
86961	2581
86966	2582
86969	2583
86971	2584
86973	2585
86976	2586
86980	2587
86981	2588
86987	2589
86989	2590
86992	2591
86996	2592
87001	2593
87008	2594
87010	2595
87014	2596
87017	2597
87021	2598
87025	2599
87031	2600
87034	2601
87040	2602
87042	2603
87043	2604
87046	2605
87050	2606
87052	2607
87057	2608
87061	2609
87067	2610
87072	2611
87074	2612
87082	2613
87085	2614
87089	2615
87090	2616
87092	2617
87094	2618
87097	2619
87100	2620
87101	2621
87104	2622
87107	2623
87110	2624
87114	2625
87117	2626
87119	2627
87121	2628
87127	2629
87129	2630
87131	2631
87134	2632
87139	2633
87144	2634
87147	2635
87154	2636
87159	2637
87161	2638
87163	2639
87166	2640
87174	2641
87176	2642
87178	2643
87181	2644
87184	2645
87188	2646
87191	2647
87193	2648
87195	2649
87198	2650
87204	2651
87206	2652
87207	2653
87209	2654
87211	2655
87215	2656
87217	2657
87221	2658
87226	2659
87231	2660
87234	2661
87236	2662
87238	2663
87239	2664
87252	2665
87257	2666
87258	2667
87261	2668
87270	2669
87273	2670
87276	2671
87280	2672
87286	2673
87288	2674
87291	2675
87294	2676
87297	2677
87302	2678
87306	2679
87308	2680
87309	2681
87311	2682
87319	2683
87324	2684
87327	2685
87328	2686
87335	2687
87341	2688
87345	2689
87348	2690
87350	2691
87352	2692
87354	2693
87357	2694
87362	2695
87366	2696
87367	2697
87370	2698
87371	2699
87374	2700
87376	2701
87382	2702
87390	2703
87392	2704
87394	2705
87395	2706
87398	2707
87400	2708
87406	2709
87409	2710
87410	2711
87413	2712
87416	2713
87417	2714
87422	2715
87425	2716
87429	2717
87432	2718
87435	2719
87438	2720
87441	2721
87445	2722
87447	2723
87450	2724
87457	2725
87458	2726
87464	2727
87469	2728
87473	2729
87480	2730
87483	2731
87488	2732
87492	2733
87496	2734
87499	2735
87503	2736
87505	2737
87507	2738
87512	2739
87513	2740
87514	2741
87517	2742
87518	2743
87522	2744
87525	2745
87529	2746
87532	2747
87538	2748
87541	2749
87542	2750
87546	2751
87548	2752
87552	2753
87555	2754
87557	2755
87562	2756
87564	2757
87566	2758
87571	2759
87573	2760
87575	2761
87580	2762
87586	2763
87589	2764
87594	2765
87596	2766
87600	2767
87602	2768
87604	2769
87606	2770
87608	2771
87614	2772
87616	2773
87617	2774
87620	2775
87625	2776
87627	2777
87630	2778
87635	2779
87636	2780
87639	2781
87645	2782
87651	2783
87655	2784
87657	2785
87659	2786
87665	2787
87666	2788
87667	2789
87669	2790
87672	2791
87675	2792
87677	2793
87681	2794
87683	2795
87685	2796
87686	2797
87691	2798
87693	2799
87698	2800
87700	2801
87703	2802
87708	2803
87710	2804
87713	2805
87718	2806
87720	2807
87725	2808
87729	2809
87733	2810
87735	2811
87741	2812
87745	2813
87746	2814
87749	2815
87755	2816
87759	2817
87762	2818
87765	2819
87770	2820
87776	2821
87778	2822
87781	2823
87784	2824
87787	2825
87789	2826
87792	2827
87796	2828
87800	2829
87804	2830
87808	2831
87810	2832
87811	2833
87814	2834
87815	2835
87820	2836
87823	2837
87827	2838
87830	2839
87833	2840
87835	2841
87839	2842
87843	2843
87847	2844
87848	2845
87851	2846
87857	2847
87860	2848
87867	2849
87869	2850
87871	2851
87873	2852
87876	2853
87879	2854
87884	2855
87889	2856
87890	2857
87893	2858
87898	2859
87900	2860
87902	2861
87904	2862
87908	2863
87911	2864
87912	2865
87919	2866
87923	2867
87926	2868
87929	2869
87931	2870
87934	2871
87940	2872
87942	2873
87944	2874
87947	2875
87950	2876
87953	2877
87957	2878
87961	2879
87964	2880
87966	2881
87969	2882
87973	2883
87985	2884
87989	2885
87991	2886
87993	2887
87997	2888
88005	2889
88012	2890
88016	2891
88021	2892
88025	2893
88026	2894
88029	2895
88034	2896
88036	2897
88041	2898
88043	2899
88045	2900
88047	2901
88048	2902
88051	2903
88054	2904
88058	2905
88064	2906
88069	2907
88070	2908
88071	2909
88073	2910
88076	2911
88079	2912
88084	2913
88086	2914
88090	2915
88093	2916
88096	2917
88099	2918
88102	2919
88106	2920
88114	2921
88115	2922
88118	2923
88124	2924
88127	2925
88129	2926
88131	2927
88134	2928
88135	2929
88137	2930
88140	2931
88143	2932
88147	2933
88152	2934
88155	2935
88158	2936
88161	2937
88165	2938
88168	2939
88173	2940
88175	2941
88180	2942
88184	2943
88187	2944
88189	2945
88192	2946
88201	2947
88204	2948
88208	2949
88211	2950
88219	2951
88221	2952
88223	2953
88226	2954
88231	2955
88237	2956
88239	2957
88244	2958
88245	2959
88250	2960
88253	2961
88256	2962
88260	2963
88263	2964
88268	2965
88270	2966
88279	2967
88281	2968
88283	2969
88285	2970
88288	2971
88290	2972
88292	2973
88295	2974
88298	2975
88300	2976
88305	2977
88310	2978
88312	2979
88314	2980
88316	2981
88318	2982
88321	2983
88324	2984
88326	2985
88328	2986
88337	2987
88341	2988
88344	2989
88347	2990
88349	2991
88351	2992
88352	2993
88358	2994
88363	2995
88372	2996
88378	2997
88379	2998
88381	2999
88383	3000
88386	3001
88388	3002
88389	3003
88392	3004
88395	3005
88399	3006
88402	3007
88405	3008
88408	3009
88412	3010
88413	3011
88416	3012
88422	3013
88424	3014
88432	3015
88437	3016
88439	3017
88442	3018
88446	3019
88449	3020
88451	3021
88457	3022
88463	3023
88465	3024
88470	3025
88472	3026
88476	3027
88478	3028
88483	3029
88484	3030
88486	3031
88491	3032
88494	3033
88496	3034
88499	3035
88501	3036
88505	3037
88512	3038
88517	3039
88520	3040
88521	3041
88523	3042
88527	3043
88530	3044
88532	3045
88537	3046
88540	3047
88547	3048
88557	3049
88561	3050
88568	3051
88571	3052
88573	3053
88574	3054
88577	3055
88580	3056
88582	3057
88588	3058
88590	3059
88598	3060
88600	3061
88603	3062
88607	3063
88609	3064
88613	3065
88619	3066
88621	3067
88625	3068
88628	3069
88635	3070
88636	3071
88638	3072
88642	3073
88648	3074
88650	3075
88652	3076
88656	3077
88660	3078
88662	3079
88663	3080
88668	3081
88676	3082
88681	3083
88683	3084
88684	3085
88687	3086
88689	3087
88690	3088
88692	3089
88694	3090
88697	3091
88700	3092
88703	3093
88705	3094
88708	3095
88710	3096
88715	3097
88718	3098
88722	3099
88726	3100
88730	3101
88737	3102
88742	3103
88744	3104
88747	3105
88760	3106
88766	3107
88768	3108
88770	3109
88777	3110
88782	3111
88785	3112
88789	3113
88791	3114
88797	3115
88799	3116
88802	3117
88804	3118
88810	3119
88811	3120
88812	3121
88824	3122
88828	3123
88830	3124
88836	3125
88838	3126
88840	3127
88843	3128
88846	3129
88850	3130
88853	3131
88860	3132
88866	3133
88870	3134
88875	3135
88878	3136
88881	3137
88884	3138
88890	3139
88894	3140
88897	3141
88901	3142
88904	3143
88906	3144
88911	3145
88914	3146
88915	3147
88921	3148
88923	3149
88928	3150
88931	3151
88932	3152
88933	3153
88936	3154
88939	3155
88941	3156
88943	3157
88946	3158
88952	3159
88955	3160
88957	3161
88958	3162
88961	3163
88965	3164
88968	3165
88971	3166
88972	3167
88977	3168
88979	3169
88981	3170
88982	3171
88984	3172
88988	3173
88991	3174
88994	3175
88996	3176
88997	3177
88999	3178
89000	3179
89002	3180
89005	3181
89008	3182
89010	3183
89012	3184
89014	3185
89016	3186
89019	3187
89020	3188
89022	3189
89024	3190
89031	3191
89039	3192
89042	3193
89046	3194
89050	3195
89052	3196
89055	3197
89059	3198
89061	3199
89064	3200
89072	3201
89077	3202
89081	3203
89086	3204
89090	3205
89092	3206
89108	3207
89110	3208
89112	3209
89114	3210
89116	3211
89118	3212
89126	3213
89129	3214
89134	3215
89135	3216
89137	3217
89143	3218
89147	3219
89149	3220
89151	3221
89154	3222
89157	3223
89160	3224
89162	3225
89164	3226
89166	3227
89168	3228
89170	3229
89176	3230
89181	3231
89183	3232
89186	3233
89188	3234
89191	3235
89193	3236
89196	3237
89199	3238
89200	3239
89205	3240
89208	3241
89210	3242
89212	3243
89215	3244
89216	3245
89221	3246
89224	3247
89229	3248
89233	3249
89237	3250
89241	3251
89245	3252
89247	3253
89251	3254
89253	3255
89265	3256
89268	3257
89271	3258
89276	3259
89284	3260
89287	3261
89292	3262
89296	3263
89301	3264
89303	3265
89306	3266
89310	3267
89313	3268
89318	3269
89321	3270
89323	3271
89326	3272
89330	3273
89332	3274
89334	3275
89336	3276
89339	3277
89342	3278
89344	3279
89345	3280
89346	3281
89349	3282
89353	3283
89356	3284
89358	3285
89361	3286
89365	3287
89368	3288
89378	3289
89379	3290
89384	3291
89389	3292
89392	3293
89393	3294
89397	3295
89401	3296
89404	3297
89406	3298
89408	3299
89411	3300
89416	3301
89417	3302
89419	3303
89423	3304
89425	3305
89427	3306
89428	3307
89434	3308
89438	3309
89439	3310
89442	3311
89446	3312
89449	3313
89452	3314
89455	3315
89459	3316
89462	3317
89465	3318
89470	3319
89473	3320
89476	3321
89490	3322
89497	3323
89499	3324
89503	3325
89506	3326
89511	3327
89513	3328
89519	3329
89522	3330
89525	3331
89527	3332
89529	3333
89533	3334
89545	3335
89547	3336
89548	3337
89550	3338
89554	3339
89555	3340
89556	3341
89559	3342
89562	3343
89566	3344
89568	3345
89569	3346
89574	3347
89577	3348
89581	3349
89584	3350
89587	3351
89590	3352
89591	3353
89593	3354
89596	3355
89599	3356
89603	3357
89605	3358
89610	3359
89613	3360
89617	3361
89620	3362
89624	3363
89627	3364
89634	3365
89636	3366
89639	3367
89640	3368
89644	3369
89647	3370
89649	3371
89651	3372
89653	3373
89655	3374
89657	3375
89660	3376
89663	3377
89666	3378
89672	3379
89674	3380
89677	3381
89684	3382
89687	3383
89690	3384
89692	3385
89694	3386
89699	3387
89701	3388
89704	3389
89709	3390
89710	3391
89715	3392
89718	3393
89721	3394
89723	3395
89729	3396
89731	3397
89734	3398
89738	3399
89740	3400
89742	3401
89746	3402
89749	3403
89752	3404
89753	3405
89756	3406
89760	3407
89762	3408
89767	3409
89769	3410
89771	3411
89773	3412
89774	3413
89776	3414
89781	3415
89787	3416
89789	3417
89794	3418
89797	3419
89801	3420
89805	3421
89808	3422
89810	3423
89812	3424
89819	3425
89820	3426
89823	3427
89825	3428
89828	3429
89830	3430
89832	3431
89839	3432
89844	3433
89847	3434
89850	3435
89853	3436
89857	3437
89861	3438
89863	3439
89867	3440
89870	3441
89872	3442
89875	3443
89877	3444
89887	3445
89891	3446
89895	3447
89899	3448
89904	3449
89908	3450
89910	3451
89912	3452
89916	3453
89921	3454
89926	3455
89928	3456
89929	3457
89936	3458
89938	3459
89943	3460
89947	3461
89951	3462
89954	3463
89958	3464
89961	3465
89964	3466
89972	3467
89976	3468
89980	3469
89984	3470
89989	3471
89995	3472
89999	3473
90001	3474
90006	3475
90012	3476
90016	3477
90020	3478
90024	3479
90028	3480
90035	3481
90041	3482
90046	3483
90051	3484
90055	3485
90057	3486
90059	3487
90062	3488
90065	3489
90066	3490
90069	3491
90073	3492
90076	3493
90078	3494
90080	3495
90083	3496
90085	3497
90089	3498
90091	3499
90092	3500
90093	3501
90095	3502
90101	3503
90103	3504
90109	3505
90110	3506
90111	3507
90113	3508
90119	3509
90122	3510
90124	3511
90131	3512
90134	3513
90136	3514
90139	3515
90140	3516
90142	3517
90144	3518
90149	3519
90151	3520
90155	3521
90158	3522
90161	3523
90166	3524
90170	3525
90172	3526
90175	3527
90180	3528
90183	3529
90185	3530
90188	3531
90191	3532
90195	3533
90197	3534
90202	3535
90206	3536
90213	3537
90216	3538
90218	3539
90228	3540
90230	3541
90236	3542
90239	3543
90244	3544
90246	3545
90248	3546
90251	3547
90255	3548
90258	3549
90260	3550
90263	3551
90265	3552
90271	3553
90272	3554
90277	3555
90281	3556
90283	3557
90284	3558
90286	3559
90288	3560
90291	3561
90294	3562
90301	3563
90308	3564
90313	3565
90326	3566
90330	3567
90334	3568
90336	3569
90341	3570
90346	3571
90351	3572
90356	3573
90358	3574
90362	3575
90363	3576
90365	3577
90368	3578
90369	3579
90373	3580
90380	3581
90383	3582
90385	3583
90392	3584
90395	3585
90400	3586
90403	3587
90405	3588
90413	3589
90427	3590
90433	3591
90434	3592
90438	3593
90441	3594
90445	3595
90448	3596
90452	3597
90454	3598
90461	3599
90463	3600
90471	3601
90473	3602
90476	3603
90478	3604
90481	3605
90486	3606
90488	3607
90493	3608
90497	3609
90501	3610
90503	3611
90508	3612
90512	3613
90516	3614
90522	3615
90526	3616
90530	3617
90537	3618
90540	3619
90542	3620
90545	3621
90547	3622
90549	3623
90555	3624
90558	3625
90559	3626
90564	3627
90565	3628
90568	3629
90571	3630
90573	3631
90577	3632
90581	3633
90583	3634
90585	3635
90588	3636
90590	3637
90592	3638
90593	3639
90597	3640
90605	3641
90610	3642
90611	3643
90614	3644
90616	3645
90621	3646
90626	3647
90628	3648
90632	3649
90639	3650
90640	3651
90643	3652
90648	3653
90651	3654
90657	3655
90659	3656
90664	3657
90669	3658
90674	3659
90680	3660
90686	3661
90690	3662
90692	3663
90693	3664
90697	3665
90699	3666
90701	3667
90708	3668
90714	3669
90717	3670
90718	3671
90723	3672
90724	3673
90727	3674
90730	3675
90733	3676
90735	3677
90738	3678
90739	3679
90741	3680
90753	3681
90758	3682
90762	3683
90764	3684
90767	3685
90770	3686
90771	3687
90773	3688
90777	3689
90778	3690
90780	3691
90784	3692
90786	3693
90790	3694
90794	3695
90796	3696
90799	3697
90816	3698
90818	3699
90820	3700
90829	3701
90830	3702
90834	3703
90839	3704
90841	3705
90843	3706
90846	3707
90850	3708
90856	3709
90857	3710
90860	3711
90864	3712
90865	3713
90869	3714
90875	3715
90880	3716
90883	3717
90886	3718
90894	3719
90896	3720
90902	3721
90909	3722
90913	3723
90917	3724
90920	3725
90924	3726
90927	3727
90929	3728
90931	3729
90936	3730
90941	3731
90945	3732
90950	3733
90953	3734
90955	3735
90958	3736
90964	3737
90965	3738
90971	3739
90974	3740
90976	3741
90980	3742
90984	3743
90988	3744
90993	3745
90998	3746
90999	3747
91001	3748
91005	3749
91010	3750
91012	3751
91018	3752
91024	3753
91027	3754
91028	3755
91032	3756
91036	3757
91038	3758
91041	3759
91049	3760
91052	3761
91054	3762
91057	3763
91059	3764
91061	3765
91065	3766
91066	3767
91072	3768
91075	3769
91078	3770
91081	3771
91084	3772
91086	3773
91091	3774
91096	3775
91101	3776
91106	3777
91115	3778
91119	3779
91126	3780
91129	3781
91132	3782
91135	3783
91138	3784
91140	3785
91142	3786
91146	3787
91150	3788
91153	3789
91159	3790
91163	3791
91164	3792
91168	3793
91172	3794
91178	3795
91179	3796
91183	3797
91185	3798
91189	3799
91193	3800
91197	3801
91204	3802
91212	3803
91214	3804
91215	3805
91224	3806
91228	3807
91231	3808
91232	3809
91234	3810
91239	3811
91245	3812
91247	3813
91250	3814
91251	3815
91261	3816
91264	3817
91269	3818
91272	3819
91274	3820
91276	3821
91278	3822
91283	3823
91286	3824
91290	3825
91295	3826
91298	3827
91301	3828
91303	3829
91308	3830
91312	3831
91315	3832
91316	3833
91321	3834
91325	3835
91327	3836
91331	3837
91334	3838
91339	3839
91342	3840
91348	3841
91351	3842
91354	3843
91357	3844
91359	3845
91362	3846
91363	3847
91370	3848
91374	3849
91379	3850
91382	3851
91383	3852
91386	3853
91389	3854
91392	3855
91395	3856
91398	3857
91400	3858
91404	3859
91413	3860
91414	3861
91416	3862
91418	3863
91422	3864
91424	3865
91427	3866
91433	3867
91434	3868
91436	3869
91437	3870
91438	3871
91440	3872
91443	3873
91452	3874
91454	3875
91456	3876
91461	3877
91466	3878
91470	3879
91477	3880
91480	3881
91483	3882
91484	3883
91490	3884
91492	3885
91494	3886
91499	3887
91501	3888
91503	3889
91505	3890
91508	3891
91511	3892
91514	3893
91517	3894
91522	3895
91524	3896
91526	3897
91528	3898
91531	3899
91535	3900
91539	3901
91542	3902
91544	3903
91547	3904
91554	3905
91557	3906
91561	3907
91564	3908
91570	3909
91572	3910
91575	3911
91579	3912
91588	3913
91591	3914
91594	3915
91597	3916
91599	3917
91605	3918
91608	3919
91609	3920
91614	3921
91616	3922
91617	3923
91623	3924
91626	3925
91633	3926
91639	3927
91642	3928
91643	3929
91648	3930
91654	3931
91661	3932
91665	3933
91668	3934
91671	3935
91676	3936
91679	3937
91682	3938
91688	3939
91692	3940
91695	3941
91696	3942
91699	3943
91701	3944
91704	3945
91706	3946
91712	3947
91715	3948
91717	3949
91721	3950
91722	3951
91726	3952
91729	3953
91734	3954
91739	3955
91744	3956
91745	3957
91753	3958
91760	3959
91762	3960
91766	3961
91770	3962
91772	3963
91774	3964
91780	3965
91787	3966
91790	3967
91792	3968
91794	3969
91798	3970
91804	3971
91807	3972
91808	3973
91811	3974
91815	3975
91818	3976
91821	3977
91824	3978
91827	3979
91834	3980
91837	3981
91843	3982
91845	3983
91850	3984
91855	3985
91857	3986
91862	3987
91865	3988
91871	3989
91873	3990
91876	3991
91878	3992
91882	3993
91889	3994
91891	3995
91894	3996
91897	3997
91898	3998
91902	3999
91908	4000
91913	4001
91915	4002
91917	4003
91921	4004
91924	4005
91928	4006
91931	4007
91934	4008
91943	4009
91946	4010
91954	4011
91962	4012
91965	4013
91970	4014
91976	4015
91980	4016
91984	4017
91992	4018
91994	4019
91997	4020
91999	4021
92002	4022
92008	4023
92012	4024
92014	4025
92019	4026
92026	4027
92030	4028
92032	4029
92035	4030
92038	4031
92044	4032
92048	4033
92050	4034
92051	4035
92056	4036
92059	4037
92063	4038
92066	4039
92068	4040
92073	4041
92076	4042
92081	4043
92083	4044
92086	4045
92087	4046
92088	4047
92092	4048
92095	4049
92098	4050
92100	4051
92105	4052
92108	4053
92112	4054
92117	4055
92133	4056
92139	4057
92141	4058
92142	4059
92145	4060
92150	4061
92152	4062
92153	4063
92154	4064
92157	4065
92160	4066
92162	4067
92173	4068
92181	4069
92183	4070
92186	4071
92188	4072
92191	4073
92199	4074
92201	4075
92202	4076
92212	4077
92217	4078
92219	4079
92223	4080
92224	4081
92226	4082
92229	4083
92232	4084
92236	4085
92239	4086
92241	4087
92244	4088
92247	4089
92250	4090
92252	4091
92253	4092
92262	4093
92264	4094
92266	4095
92268	4096
92274	4097
92277	4098
92280	4099
92283	4100
92287	4101
92290	4102
92293	4103
92295	4104
92298	4105
92299	4106
92303	4107
92306	4108
92310	4109
92316	4110
92321	4111
92327	4112
92333	4113
92334	4114
92338	4115
92339	4116
92342	4117
92343	4118
92346	4119
92348	4120
92356	4121
92357	4122
92359	4123
92364	4124
92366	4125
92367	4126
92379	4127
92382	4128
92389	4129
92393	4130
92395	4131
92398	4132
92401	4133
92403	4134
92407	4135
92413	4136
92418	4137
92421	4138
92425	4139
92428	4140
92434	4141
92435	4142
92436	4143
92441	4144
92445	4145
92449	4146
92451	4147
92457	4148
92460	4149
92461	4150
92464	4151
92470	4152
92475	4153
92479	4154
92484	4155
92485	4156
92487	4157
92491	4158
92494	4159
92497	4160
92500	4161
92503	4162
92506	4163
92511	4164
92512	4165
92515	4166
92517	4167
92523	4168
92526	4169
92530	4170
92532	4171
92534	4172
92535	4173
92536	4174
92539	4175
92541	4176
92545	4177
92547	4178
92549	4179
92552	4180
92554	4181
92556	4182
92560	4183
92563	4184
92566	4185
92571	4186
92572	4187
92581	4188
92585	4189
92587	4190
92590	4191
92594	4192
92598	4193
92601	4194
92606	4195
92607	4196
92612	4197
92615	4198
92622	4199
92627	4200
92632	4201
92637	4202
92639	4203
92643	4204
92646	4205
92653	4206
92657	4207
92662	4208
92669	4209
92677	4210
92681	4211
92686	4212
92689	4213
92691	4214
92694	4215
92698	4216
92700	4217
92705	4218
92710	4219
92713	4220
92715	4221
92716	4222
92717	4223
92722	4224
92726	4225
92732	4226
92735	4227
92736	4228
92738	4229
92742	4230
92749	4231
92752	4232
92757	4233
92759	4234
92764	4235
92767	4236
92770	4237
92771	4238
92773	4239
92776	4240
92779	4241
92783	4242
92785	4243
92787	4244
92795	4245
92802	4246
92805	4247
92808	4248
92811	4249
92815	4250
92817	4251
92821	4252
92824	4253
92829	4254
92835	4255
92837	4256
92838	4257
92839	4258
92842	4259
92844	4260
92849	4261
92858	4262
92862	4263
92866	4264
92875	4265
92880	4266
92882	4267
92885	4268
92888	4269
92896	4270
92898	4271
92903	4272
92907	4273
92908	4274
92913	4275
92916	4276
92919	4277
92921	4278
92925	4279
92926	4280
92932	4281
92935	4282
92938	4283
92942	4284
92944	4285
92946	4286
92948	4287
92950	4288
92954	4289
92955	4290
92958	4291
92960	4292
92961	4293
92969	4294
92972	4295
92974	4296
92979	4297
92983	4298
92992	4299
92995	4300
93000	4301
93002	4302
93004	4303
93006	4304
93009	4305
93012	4306
93027	4307
93029	4308
93033	4309
93038	4310
93041	4311
93042	4312
93044	4313
93050	4314
93053	4315
93063	4316
93064	4317
93067	4318
93073	4319
93077	4320
93080	4321
93084	4322
93087	4323
93090	4324
93098	4325
93103	4326
93106	4327
93109	4328
93113	4329
93116	4330
93119	4331
93121	4332
93128	4333
93129	4334
93133	4335
93138	4336
93144	4337
93151	4338
93154	4339
93158	4340
93162	4341
93165	4342
93166	4343
93168	4344
93174	4345
93182	4346
93184	4347
93188	4348
93191	4349
93194	4350
93195	4351
93199	4352
93200	4353
93203	4354
93205	4355
93210	4356
93212	4357
93217	4358
93221	4359
93225	4360
93229	4361
93233	4362
93236	4363
93239	4364
93244	4365
93247	4366
93251	4367
93256	4368
93259	4369
93264	4370
93266	4371
93268	4372
93270	4373
93280	4374
93283	4375
93288	4376
93294	4377
93296	4378
93299	4379
93302	4380
93305	4381
93312	4382
93315	4383
93318	4384
93321	4385
93323	4386
93327	4387
93334	4388
93336	4389
93338	4390
93340	4391
93342	4392
93346	4393
93350	4394
93352	4395
93354	4396
93355	4397
93356	4398
93357	4399
93364	4400
93372	4401
93376	4402
93378	4403
93382	4404
93385	4405
93386	4406
93391	4407
93394	4408
93396	4409
93398	4410
93403	4411
93408	4412
93411	4413
93417	4414
93421	4415
93423	4416
93427	4417
93429	4418
93431	4419
93433	4420
93435	4421
93439	4422
93442	4423
93443	4424
93445	4425
93454	4426
93457	4427
93459	4428
93462	4429
93463	4430
93465	4431
93470	4432
93471	4433
93474	4434
93476	4435
93478	4436
93479	4437
93480	4438
93485	4439
93490	4440
93493	4441
93496	4442
93499	4443
93502	4444
93505	4445
93508	4446
93514	4447
93518	4448
93523	4449
93526	4450
93528	4451
93537	4452
93540	4453
93544	4454
93548	4455
93550	4456
93556	4457
93559	4458
93568	4459
93570	4460
93572	4461
93575	4462
93578	4463
93582	4464
93585	4465
93588	4466
93590	4467
93593	4468
93596	4469
93598	4470
93600	4471
93605	4472
93608	4473
93612	4474
93613	4475
93618	4476
93621	4477
93623	4478
93626	4479
93628	4480
93631	4481
93634	4482
93640	4483
93641	4484
93643	4485
93645	4486
93653	4487
93655	4488
93659	4489
93662	4490
93665	4491
93670	4492
93672	4493
93675	4494
93680	4495
93682	4496
93690	4497
93693	4498
93702	4499
93712	4500
93715	4501
93717	4502
93720	4503
93721	4504
93726	4505
93728	4506
93732	4507
93735	4508
93737	4509
93738	4510
93741	4511
93744	4512
93748	4513
93751	4514
93753	4515
93764	4516
93768	4517
93772	4518
93776	4519
93780	4520
93788	4521
93791	4522
93793	4523
93800	4524
93803	4525
93805	4526
93810	4527
93819	4528
93822	4529
93825	4530
93836	4531
93839	4532
93851	4533
93853	4534
93859	4535
93865	4536
93867	4537
93871	4538
93875	4539
93878	4540
93881	4541
93887	4542
93890	4543
93895	4544
93898	4545
93904	4546
93907	4547
93910	4548
93913	4549
93914	4550
93916	4551
93919	4552
93921	4553
93926	4554
93931	4555
93934	4556
93937	4557
93943	4558
93945	4559
93946	4560
93949	4561
93951	4562
93953	4563
93957	4564
93958	4565
93962	4566
93965	4567
93969	4568
93972	4569
93974	4570
93979	4571
93981	4572
93983	4573
93986	4574
93989	4575
93993	4576
93996	4577
94002	4578
94007	4579
94013	4580
94017	4581
94021	4582
94026	4583
94029	4584
94033	4585
94045	4586
94047	4587
94054	4588
94056	4589
94059	4590
94061	4591
94063	4592
94066	4593
94069	4594
94072	4595
94076	4596
94079	4597
94083	4598
94088	4599
94092	4600
94094	4601
94103	4602
94106	4603
94109	4604
94111	4605
94116	4606
94118	4607
94120	4608
94123	4609
94125	4610
94129	4611
94133	4612
94135	4613
94140	4614
94142	4615
94146	4616
94149	4617
94152	4618
94153	4619
94154	4620
94160	4621
94163	4622
94165	4623
94168	4624
94172	4625
94176	4626
94179	4627
94184	4628
94186	4629
94190	4630
94193	4631
94196	4632
94197	4633
94199	4634
94201	4635
94204	4636
94207	4637
94216	4638
94218	4639
94225	4640
94229	4641
94240	4642
94243	4643
94247	4644
94250	4645
94254	4646
94257	4647
94261	4648
94263	4649
94265	4650
94267	4651
94271	4652
94276	4653
94280	4654
94283	4655
94290	4656
94294	4657
94297	4658
94299	4659
94302	4660
94307	4661
94310	4662
94317	4663
94318	4664
94321	4665
94324	4666
94329	4667
94333	4668
94336	4669
94338	4670
94340	4671
94343	4672
94348	4673
94356	4674
94359	4675
94363	4676
94372	4677
94375	4678
94377	4679
94379	4680
94382	4681
94384	4682
94385	4683
94387	4684
94393	4685
94395	4686
94396	4687
94397	4688
94403	4689
94407	4690
94411	4691
94413	4692
94417	4693
94421	4694
94423	4695
94424	4696
94428	4697
94429	4698
94431	4699
94435	4700
94440	4701
94445	4702
94456	4703
94466	4704
94468	4705
94472	4706
94477	4707
94482	4708
94489	4709
94491	4710
94495	4711
94497	4712
94498	4713
94501	4714
94504	4715
94508	4716
94511	4717
94514	4718
94516	4719
94518	4720
94521	4721
94522	4722
94524	4723
94526	4724
94529	4725
94532	4726
94535	4727
94539	4728
94542	4729
94544	4730
94548	4731
94555	4732
94558	4733
94560	4734
94562	4735
94565	4736
94569	4737
94572	4738
94575	4739
94581	4740
94582	4741
94592	4742
94594	4743
94599	4744
94602	4745
94606	4746
94608	4747
94611	4748
94613	4749
94617	4750
94620	4751
94626	4752
94639	4753
94641	4754
94644	4755
94650	4756
94652	4757
94655	4758
94659	4759
94664	4760
94669	4761
94673	4762
94680	4763
94681	4764
94683	4765
94691	4766
94694	4767
94696	4768
94703	4769
94705	4770
94711	4771
94714	4772
94718	4773
94720	4774
94723	4775
94726	4776
94728	4777
94734	4778
94739	4779
94742	4780
94744	4781
94755	4782
94761	4783
94763	4784
94766	4785
94769	4786
94774	4787
94780	4788
94781	4789
94783	4790
94784	4791
94788	4792
94789	4793
94792	4794
94798	4795
94804	4796
94807	4797
94814	4798
94817	4799
94819	4800
94838	4801
94842	4802
94847	4803
94855	4804
94857	4805
94858	4806
94860	4807
94863	4808
94867	4809
94869	4810
94872	4811
94874	4812
94878	4813
94882	4814
94885	4815
94887	4816
94890	4817
94896	4818
94897	4819
94906	4820
94913	4821
94914	4822
94917	4823
94922	4824
94931	4825
94936	4826
94939	4827
94940	4828
94942	4829
94947	4830
94951	4831
94954	4832
94956	4833
94958	4834
94962	4835
94968	4836
94972	4837
94976	4838
94978	4839
94982	4840
94985	4841
94987	4842
94990	4843
94994	4844
94997	4845
95000	4846
95005	4847
95008	4848
95011	4849
95013	4850
95023	4851
95024	4852
95027	4853
95029	4854
95030	4855
95034	4856
95037	4857
95042	4858
95046	4859
95049	4860
95053	4861
95059	4862
95062	4863
95070	4864
95073	4865
95075	4866
95076	4867
95080	4868
95086	4869
95088	4870
95094	4871
95097	4872
95110	4873
95114	4874
95121	4875
95124	4876
95129	4877
95132	4878
95134	4879
95138	4880
95140	4881
95143	4882
95145	4883
95147	4884
95153	4885
95161	4886
95168	4887
95172	4888
95173	4889
95175	4890
95180	4891
95182	4892
95185	4893
95188	4894
95192	4895
95193	4896
95198	4897
95201	4898
95203	4899
95217	4900
95221	4901
95222	4902
95223	4903
95225	4904
95234	4905
95239	4906
95240	4907
95242	4908
95247	4909
95249	4910
95252	4911
95256	4912
95260	4913
95262	4914
95270	4915
95271	4916
95273	4917
95279	4918
95282	4919
95288	4920
95291	4921
95292	4922
95295	4923
95297	4924
95301	4925
95308	4926
95310	4927
95311	4928
95315	4929
95318	4930
95319	4931
95321	4932
95327	4933
95330	4934
95333	4935
95337	4936
95340	4937
95344	4938
95348	4939
95353	4940
95356	4941
95361	4942
95363	4943
95366	4944
95368	4945
95370	4946
95372	4947
95374	4948
95377	4949
95378	4950
95380	4951
95381	4952
95386	4953
95391	4954
95395	4955
95396	4956
95398	4957
95400	4958
95401	4959
95403	4960
95408	4961
95409	4962
95412	4963
95415	4964
95419	4965
95422	4966
95430	4967
95433	4968
95436	4969
95438	4970
95440	4971
95441	4972
95444	4973
95445	4974
95449	4975
95450	4976
95451	4977
95452	4978
95457	4979
95458	4980
95462	4981
95465	4982
95468	4983
95469	4984
95471	4985
95475	4986
95479	4987
95481	4988
95485	4989
95486	4990
95489	4991
95496	4992
95499	4993
95504	4994
95507	4995
95511	4996
95514	4997
95524	4998
95528	4999
95532	5000
95539	5001
95549	5002
95554	5003
95566	5004
95571	5005
95580	5006
95585	5007
95589	5008
95592	5009
95596	5010
95599	5011
95603	5012
95606	5013
95609	5014
95613	5015
95616	5016
95619	5017
95624	5018
95627	5019
95630	5020
95632	5021
95634	5022
95636	5023
95639	5024
95640	5025
95641	5026
95646	5027
95648	5028
95649	5029
95653	5030
95655	5031
95656	5032
95660	5033
95667	5034
95669	5035
95672	5036
95682	5037
95684	5038
95687	5039
95689	5040
95692	5041
95694	5042
95696	5043
95698	5044
95700	5045
95702	5046
95704	5047
95708	5048
95711	5049
95717	5050
95719	5051
95722	5052
95728	5053
95731	5054
95734	5055
95739	5056
95743	5057
95751	5058
95758	5059
95760	5060
95762	5061
95764	5062
95770	5063
95775	5064
95782	5065
95785	5066
95786	5067
95788	5068
95793	5069
95796	5070
95800	5071
95804	5072
95810	5073
95812	5074
95817	5075
95820	5076
95826	5077
95827	5078
95829	5079
95835	5080
95839	5081
95843	5082
95848	5083
95850	5084
95855	5085
95859	5086
95862	5087
95866	5088
95868	5089
95872	5090
95876	5091
95878	5092
95881	5093
95884	5094
95889	5095
95891	5096
95895	5097
95897	5098
95900	5099
95904	5100
95909	5101
95912	5102
95915	5103
95918	5104
95922	5105
95924	5106
95926	5107
95929	5108
95932	5109
95933	5110
95934	5111
95935	5112
95939	5113
95943	5114
95946	5115
95948	5116
95952	5117
95954	5118
95955	5119
95957	5120
95960	5121
95964	5122
95966	5123
95969	5124
95971	5125
95974	5126
95978	5127
95982	5128
95990	5129
95996	5130
95998	5131
96001	5132
96004	5133
96008	5134
96011	5135
96014	5136
96017	5137
96018	5138
96021	5139
96029	5140
96031	5141
96033	5142
96037	5143
96040	5144
96048	5145
96053	5146
96060	5147
96062	5148
96064	5149
96066	5150
96067	5151
96069	5152
96074	5153
96078	5154
96083	5155
96088	5156
96094	5157
96095	5158
96098	5159
96099	5160
96101	5161
96102	5162
96105	5163
96115	5164
96116	5165
96118	5166
96120	5167
96128	5168
96133	5169
96136	5170
96140	5171
96144	5172
96149	5173
96152	5174
96155	5175
96157	5176
96159	5177
96163	5178
96165	5179
96166	5180
96180	5181
96185	5182
96189	5183
96191	5184
96194	5185
96198	5186
96201	5187
96205	5188
96211	5189
96214	5190
96216	5191
96218	5192
96220	5193
96224	5194
96225	5195
96228	5196
96232	5197
96234	5198
96236	5199
96237	5200
96240	5201
96243	5202
96246	5203
96249	5204
96250	5205
96254	5206
96256	5207
96259	5208
96261	5209
96263	5210
96266	5211
96267	5212
96270	5213
96275	5214
96277	5215
96280	5216
96283	5217
96288	5218
96296	5219
96299	5220
96304	5221
96306	5222
96314	5223
96319	5224
96322	5225
96325	5226
96327	5227
96331	5228
96335	5229
96337	5230
96338	5231
96341	5232
96343	5233
96348	5234
96349	5235
96353	5236
96357	5237
96359	5238
96361	5239
96364	5240
96366	5241
96369	5242
96372	5243
96376	5244
96377	5245
96385	5246
96391	5247
96394	5248
96396	5249
96399	5250
96403	5251
96404	5252
96405	5253
96409	5254
96412	5255
96416	5256
96419	5257
96421	5258
96425	5259
96426	5260
96428	5261
96430	5262
96432	5263
96434	5264
96439	5265
96440	5266
96444	5267
96447	5268
96450	5269
96455	5270
96457	5271
96462	5272
96465	5273
96467	5274
96473	5275
96476	5276
96479	5277
96482	5278
96485	5279
96492	5280
96495	5281
96498	5282
96501	5283
96502	5284
96504	5285
96506	5286
96512	5287
96521	5288
96522	5289
96523	5290
96524	5291
96527	5292
96531	5293
96535	5294
96541	5295
96545	5296
96550	5297
96552	5298
96557	5299
96564	5300
96565	5301
96570	5302
96575	5303
96577	5304
96579	5305
96581	5306
96584	5307
96587	5308
96589	5309
96593	5310
96594	5311
96595	5312
96601	5313
96603	5314
96606	5315
96608	5316
96611	5317
96614	5318
96617	5319
96622	5320
96624	5321
96626	5322
96631	5323
96636	5324
96639	5325
96643	5326
96648	5327
96649	5328
96653	5329
96657	5330
96661	5331
96663	5332
96668	5333
96670	5334
96673	5335
96676	5336
96682	5337
96684	5338
96686	5339
96688	5340
96691	5341
96693	5342
96694	5343
96698	5344
96701	5345
96703	5346
96706	5347
96712	5348
96718	5349
96722	5350
96725	5351
96729	5352
96732	5353
96735	5354
96744	5355
96747	5356
96751	5357
96758	5358
96761	5359
96763	5360
96764	5361
96766	5362
96767	5363
96771	5364
96774	5365
96778	5366
96782	5367
96785	5368
96786	5369
96790	5370
96793	5371
96797	5372
96800	5373
96801	5374
96804	5375
96808	5376
96809	5377
96814	5378
96817	5379
96819	5380
96821	5381
96823	5382
96827	5383
96830	5384
96837	5385
96838	5386
96841	5387
96843	5388
96850	5389
96853	5390
96858	5391
96861	5392
96864	5393
96867	5394
96873	5395
96874	5396
96876	5397
96883	5398
96889	5399
96892	5400
96897	5401
96901	5402
96903	5403
96910	5404
96915	5405
96918	5406
96919	5407
96920	5408
96922	5409
96925	5410
96928	5411
96931	5412
96942	5413
96945	5414
96948	5415
96950	5416
96952	5417
96955	5418
96956	5419
96957	5420
96961	5421
96964	5422
96966	5423
96967	5424
96972	5425
96974	5426
96979	5427
96981	5428
96982	5429
96985	5430
96986	5431
96988	5432
96990	5433
96995	5434
96997	5435
97000	5436
97002	5437
97006	5438
97009	5439
97011	5440
97014	5441
97019	5442
97022	5443
97027	5444
97029	5445
97034	5446
97036	5447
97040	5448
97043	5449
97046	5450
97048	5451
97053	5452
97056	5453
97059	5454
97062	5455
97068	5456
97070	5457
97073	5458
97076	5459
97078	5460
97081	5461
97084	5462
97090	5463
97097	5464
97100	5465
97108	5466
97112	5467
97113	5468
97117	5469
97120	5470
97121	5471
97124	5472
97126	5473
97129	5474
97133	5475
97135	5476
97137	5477
97138	5478
97141	5479
97142	5480
97146	5481
97147	5482
97151	5483
97154	5484
97157	5485
97161	5486
97163	5487
97168	5488
97172	5489
97175	5490
97179	5491
97189	5492
97193	5493
97195	5494
97197	5495
97201	5496
97202	5497
97204	5498
97207	5499
97210	5500
97214	5501
97217	5502
97222	5503
97226	5504
97230	5505
97231	5506
97238	5507
97240	5508
97244	5509
97247	5510
97249	5511
97253	5512
97255	5513
97258	5514
97260	5515
97262	5516
97265	5517
97267	5518
97271	5519
97273	5520
97277	5521
97280	5522
97283	5523
97286	5524
97291	5525
97295	5526
97298	5527
97302	5528
97304	5529
97305	5530
97308	5531
97314	5532
97316	5533
97328	5534
97329	5535
97334	5536
97339	5537
97353	5538
97355	5539
97365	5540
97372	5541
97374	5542
97379	5543
97382	5544
97387	5545
97395	5546
97399	5547
97403	5548
97407	5549
97410	5550
97415	5551
97419	5552
97423	5553
97424	5554
97426	5555
97438	5556
97445	5557
97448	5558
97449	5559
97454	5560
97457	5561
97460	5562
97464	5563
97467	5564
97468	5565
97472	5566
97473	5567
97474	5568
97476	5569
97482	5570
97484	5571
97487	5572
97491	5573
97493	5574
97496	5575
97498	5576
97502	5577
97507	5578
97508	5579
97509	5580
97515	5581
97518	5582
97520	5583
97522	5584
97526	5585
97528	5586
97530	5587
97535	5588
97540	5589
97541	5590
97551	5591
97555	5592
97558	5593
97561	5594
97565	5595
97570	5596
97573	5597
97574	5598
97576	5599
97577	5600
97580	5601
97582	5602
97584	5603
97593	5604
97599	5605
97606	5606
97609	5607
97624	5608
97625	5609
97627	5610
97631	5611
97636	5612
97642	5613
97643	5614
97647	5615
97650	5616
97654	5617
97658	5618
97659	5619
97661	5620
97665	5621
97671	5622
97675	5623
97677	5624
97679	5625
97685	5626
97686	5627
97689	5628
97691	5629
97695	5630
97697	5631
97699	5632
97702	5633
97705	5634
97710	5635
97717	5636
97720	5637
97724	5638
97727	5639
97728	5640
97732	5641
97734	5642
97736	5643
97740	5644
97743	5645
97745	5646
97748	5647
97751	5648
97754	5649
97757	5650
97758	5651
97762	5652
97766	5653
97770	5654
97774	5655
97776	5656
97778	5657
97780	5658
97782	5659
97785	5660
97788	5661
97793	5662
97799	5663
97802	5664
97805	5665
97806	5666
97809	5667
97812	5668
97814	5669
97816	5670
97818	5671
97819	5672
97822	5673
97824	5674
97826	5675
97830	5676
97832	5677
97834	5678
97836	5679
97839	5680
97841	5681
97842	5682
97846	5683
97849	5684
97851	5685
97854	5686
97859	5687
97863	5688
97866	5689
97869	5690
97873	5691
97876	5692
97878	5693
97882	5694
97890	5695
97894	5696
97897	5697
97900	5698
97902	5699
97904	5700
97907	5701
97908	5702
97910	5703
97912	5704
97913	5705
97916	5706
97918	5707
97919	5708
97920	5709
97921	5710
97923	5711
97929	5712
97935	5713
97939	5714
97942	5715
97943	5716
97946	5717
97948	5718
97950	5719
97952	5720
97954	5721
97956	5722
97965	5723
97967	5724
97970	5725
97972	5726
97974	5727
97980	5728
97983	5729
97986	5730
97987	5731
97989	5732
97992	5733
97995	5734
97997	5735
98000	5736
98002	5737
98010	5738
98013	5739
98015	5740
98019	5741
98028	5742
98030	5743
98031	5744
98032	5745
98034	5746
98036	5747
98038	5748
98041	5749
98045	5750
98048	5751
98050	5752
98055	5753
98057	5754
98060	5755
98065	5756
98067	5757
98069	5758
98071	5759
98074	5760
98077	5761
98079	5762
98082	5763
98085	5764
98088	5765
98094	5766
98099	5767
98103	5768
98106	5769
98108	5770
98114	5771
98118	5772
98119	5773
98123	5774
98127	5775
98131	5776
98132	5777
98134	5778
98142	5779
98143	5780
98149	5781
98153	5782
98155	5783
98156	5784
98159	5785
98161	5786
98168	5787
98169	5788
98170	5789
98173	5790
98177	5791
98180	5792
98183	5793
98188	5794
98191	5795
98195	5796
98202	5797
98205	5798
98211	5799
98213	5800
98214	5801
98217	5802
98221	5803
98227	5804
98229	5805
98235	5806
98237	5807
98240	5808
98242	5809
98247	5810
98249	5811
98251	5812
98255	5813
98262	5814
98265	5815
98271	5816
98277	5817
98278	5818
98279	5819
98280	5820
98283	5821
98289	5822
98291	5823
98295	5824
98299	5825
98301	5826
98303	5827
98306	5828
98307	5829
98308	5830
98309	5831
98310	5832
98314	5833
98317	5834
98321	5835
98325	5836
98326	5837
98329	5838
98330	5839
98334	5840
98336	5841
98338	5842
98343	5843
98347	5844
98350	5845
98351	5846
98355	5847
98359	5848
98360	5849
98362	5850
98364	5851
98366	5852
98371	5853
98373	5854
98376	5855
98378	5856
98381	5857
98383	5858
98384	5859
98387	5860
98393	5861
98398	5862
98401	5863
98410	5864
98412	5865
98416	5866
98418	5867
98420	5868
98422	5869
98424	5870
98426	5871
98428	5872
98431	5873
98433	5874
98437	5875
98441	5876
98444	5877
98445	5878
98447	5879
98451	5880
98452	5881
98455	5882
98457	5883
98460	5884
98461	5885
98465	5886
98468	5887
98473	5888
98475	5889
98478	5890
98481	5891
98483	5892
98485	5893
98487	5894
98490	5895
98496	5896
98498	5897
98501	5898
98502	5899
98505	5900
98508	5901
98509	5902
98513	5903
98516	5904
98518	5905
98522	5906
98526	5907
98530	5908
98536	5909
98542	5910
98544	5911
98545	5912
98550	5913
98554	5914
98556	5915
98558	5916
98560	5917
98562	5918
98567	5919
98568	5920
98572	5921
98573	5922
98576	5923
98582	5924
98585	5925
98586	5926
98589	5927
98591	5928
98599	5929
98602	5930
98609	5931
98612	5932
98613	5933
98614	5934
98620	5935
98622	5936
98624	5937
98626	5938
98631	5939
98636	5940
98643	5941
98646	5942
98648	5943
98650	5944
98657	5945
98663	5946
98667	5947
98677	5948
98680	5949
98684	5950
98687	5951
98690	5952
98694	5953
98696	5954
98702	5955
98705	5956
98707	5957
98708	5958
98712	5959
98715	5960
98717	5961
98721	5962
98724	5963
98726	5964
98732	5965
98733	5966
98736	5967
98739	5968
98746	5969
98750	5970
98751	5971
98752	5972
98755	5973
98757	5974
98758	5975
98766	5976
98770	5977
98772	5978
98777	5979
98781	5980
98782	5981
98787	5982
98794	5983
98799	5984
98800	5985
98804	5986
98809	5987
98811	5988
98812	5989
98814	5990
98816	5991
98817	5992
98821	5993
98822	5994
98825	5995
98829	5996
98830	5997
98833	5998
98835	5999
98843	6000
98846	6001
98847	6002
98850	6003
98853	6004
98856	6005
98863	6006
98868	6007
98869	6008
98872	6009
98874	6010
98876	6011
98879	6012
98883	6013
98887	6014
98890	6015
98894	6016
98897	6017
98902	6018
98903	6019
98906	6020
98909	6021
98913	6022
98916	6023
98918	6024
98923	6025
98927	6026
98933	6027
98935	6028
98937	6029
98939	6030
98942	6031
98945	6032
98948	6033
98950	6034
98955	6035
98958	6036
98960	6037
98962	6038
98965	6039
98967	6040
98969	6041
98975	6042
98981	6043
98983	6044
98984	6045
98987	6046
98989	6047
98993	6048
98994	6049
98997	6050
99000	6051
99003	6052
99008	6053
99009	6054
99011	6055
99020	6056
99023	6057
99025	6058
99027	6059
99028	6060
99032	6061
99034	6062
99035	6063
99037	6064
99040	6065
99043	6066
99046	6067
99051	6068
99053	6069
99055	6070
99058	6071
99061	6072
99062	6073
99065	6074
99069	6075
99073	6076
99079	6077
99081	6078
99083	6079
99086	6080
99087	6081
99090	6082
99095	6083
99098	6084
99099	6085
99101	6086
99107	6087
99114	6088
99115	6089
99121	6090
99125	6091
99128	6092
99141	6093
99145	6094
99147	6095
99149	6096
99151	6097
99153	6098
99159	6099
99162	6100
99165	6101
99167	6102
99169	6103
99175	6104
99179	6105
99185	6106
99187	6107
99188	6108
99194	6109
99197	6110
99198	6111
99201	6112
99204	6113
99206	6114
99209	6115
99214	6116
99216	6117
99221	6118
99226	6119
99228	6120
99231	6121
99238	6122
99241	6123
99243	6124
99247	6125
99249	6126
99250	6127
99251	6128
99254	6129
99260	6130
99263	6131
99264	6132
99269	6133
99271	6134
99275	6135
99277	6136
99278	6137
99281	6138
99282	6139
99284	6140
99287	6141
99289	6142
99295	6143
99297	6144
99299	6145
99301	6146
99304	6147
99316	6148
99322	6149
99326	6150
99329	6151
99330	6152
99341	6153
99345	6154
99348	6155
99351	6156
99352	6157
99354	6158
99355	6159
99357	6160
99358	6161
99376	6162
99381	6163
99383	6164
99388	6165
99395	6166
99397	6167
99402	6168
99408	6169
99410	6170
99415	6171
99417	6172
99422	6173
99425	6174
99427	6175
99430	6176
99433	6177
99436	6178
99440	6179
99442	6180
99444	6181
99445	6182
99454	6183
99458	6184
99461	6185
99463	6186
99465	6187
99468	6188
99470	6189
99473	6190
99476	6191
99480	6192
99482	6193
99485	6194
99491	6195
99497	6196
99500	6197
99502	6198
99504	6199
99515	6200
99518	6201
99521	6202
99523	6203
99525	6204
99527	6205
99533	6206
99536	6207
99540	6208
99543	6209
99547	6210
99553	6211
99557	6212
99560	6213
99563	6214
99570	6215
99572	6216
99574	6217
99576	6218
99579	6219
99581	6220
99585	6221
99588	6222
99591	6223
99593	6224
99594	6225
99599	6226
99602	6227
99605	6228
99608	6229
99610	6230
99617	6231
99618	6232
99627	6233
99630	6234
99632	6235
99634	6236
99636	6237
99643	6238
99648	6239
99649	6240
99654	6241
99657	6242
99659	6243
99661	6244
99663	6245
99667	6246
99668	6247
99670	6248
99671	6249
99676	6250
99679	6251
99680	6252
99683	6253
99690	6254
99691	6255
99693	6256
99695	6257
99698	6258
99701	6259
99704	6260
99708	6261
99712	6262
99713	6263
99717	6264
99727	6265
99734	6266
99737	6267
99740	6268
99742	6269
99747	6270
99751	6271
99752	6272
99753	6273
99755	6274
99756	6275
99762	6276
99770	6277
99773	6278
99776	6279
99778	6280
99779	6281
99782	6282
99784	6283
99786	6284
99788	6285
99791	6286
99795	6287
99798	6288
99802	6289
99807	6290
99812	6291
99814	6292
99816	6293
99821	6294
99824	6295
99826	6296
99828	6297
99830	6298
99835	6299
99838	6300
99839	6301
99842	6302
99844	6303
99849	6304
99851	6305
99854	6306
99856	6307
99861	6308
99862	6309
99863	6310
99866	6311
99872	6312
99874	6313
99879	6314
99883	6315
99886	6316
99894	6317
99898	6318
99902	6319
99906	6320
99910	6321
99913	6322
99919	6323
99924	6324
99930	6325
99938	6326
99939	6327
99943	6328
99946	6329
99950	6330
99951	6331
99953	6332
99955	6333
99958	6334
99960	6335
99963	6336
99965	6337
99968	6338
99973	6339
99982	6340
99986	6341
99989	6342
99992	6343
99994	6344
99998	6345
99999	6346
100001	6347
100005	6348
100008	6349
100009	6350
100010	6351
100013	6352
100015	6353
100018	6354
100022	6355
100025	6356
100031	6357
100033	6358
100037	6359
100038	6360
100044	6361
100049	6362
100052	6363
100058	6364
100061	6365
100064	6366
100067	6367
100070	6368
100073	6369
100078	6370
100081	6371
100083	6372
100092	6373
100094	6374
100100	6375
100104	6376
100108	6377
100109	6378
100115	6379
100117	6380
100119	6381
100123	6382
100127	6383
100132	6384
100136	6385
100138	6386
100139	6387
100142	6388
100144	6389
100146	6390
100149	6391
100153	6392
100155	6393
100159	6394
100160	6395
100162	6396
100164	6397
100167	6398
100173	6399
100176	6400
100177	6401
100181	6402
100205	6403
100209	6404
100210	6405
100213	6406
100218	6407
100223	6408
100224	6409
100226	6410
100230	6411
100233	6412
100236	6413
100238	6414
100242	6415
100244	6416
100246	6417
100248	6418
100251	6419
100254	6420
100257	6421
100261	6422
100262	6423
100265	6424
100270	6425
100273	6426
100276	6427
100277	6428
100279	6429
100281	6430
100286	6431
100289	6432
100291	6433
100293	6434
100298	6435
100299	6436
100301	6437
100304	6438
100308	6439
100310	6440
100315	6441
100320	6442
100324	6443
100326	6444
100336	6445
100339	6446
100341	6447
100342	6448
100344	6449
100347	6450
100348	6451
100352	6452
100354	6453
100357	6454
100358	6455
100359	6456
100362	6457
100365	6458
100372	6459
100377	6460
100380	6461
100388	6462
100392	6463
100394	6464
100397	6465
100400	6466
100403	6467
100409	6468
100413	6469
100416	6470
100420	6471
100422	6472
100423	6473
100425	6474
100428	6475
100430	6476
100434	6477
100438	6478
100441	6479
100443	6480
100444	6481
100447	6482
100449	6483
100453	6484
100456	6485
100459	6486
100463	6487
100464	6488
100469	6489
100472	6490
100476	6491
100482	6492
100486	6493
100488	6494
100490	6495
100491	6496
100493	6497
100496	6498
100499	6499
100501	6500
100503	6501
100507	6502
100510	6503
100512	6504
100517	6505
100521	6506
100523	6507
100524	6508
100527	6509
100533	6510
100535	6511
100538	6512
100540	6513
100544	6514
100546	6515
100549	6516
100552	6517
100555	6518
100567	6519
100571	6520
100576	6521
100579	6522
100582	6523
100584	6524
100586	6525
100588	6526
100592	6527
100595	6528
100596	6529
100597	6530
100600	6531
100601	6532
100603	6533
100605	6534
100607	6535
100609	6536
100614	6537
100618	6538
100626	6539
100631	6540
100634	6541
100638	6542
100644	6543
100650	6544
100653	6545
100659	6546
100661	6547
100664	6548
100665	6549
100667	6550
100669	6551
100673	6552
100676	6553
100678	6554
100681	6555
100682	6556
100683	6557
100685	6558
100690	6559
100692	6560
100693	6561
100694	6562
100696	6563
100699	6564
100701	6565
100704	6566
100707	6567
100716	6568
100718	6569
100720	6570
100727	6571
100738	6572
100743	6573
100746	6574
100753	6575
100755	6576
100758	6577
100761	6578
100763	6579
100766	6580
100772	6581
100778	6582
100780	6583
100782	6584
100783	6585
100788	6586
100791	6587
100794	6588
100798	6589
100800	6590
100804	6591
100806	6592
100812	6593
100815	6594
100817	6595
100820	6596
100826	6597
100827	6598
100829	6599
100831	6600
100835	6601
100837	6602
100848	6603
100850	6604
100852	6605
100856	6606
100858	6607
100863	6608
100865	6609
100867	6610
100871	6611
100873	6612
100875	6613
100876	6614
100879	6615
100881	6616
100883	6617
100888	6618
100894	6619
100898	6620
100900	6621
100901	6622
100903	6623
100907	6624
100910	6625
100913	6626
100917	6627
100921	6628
100923	6629
100926	6630
100930	6631
100932	6632
100937	6633
100940	6634
100944	6635
100946	6636
100947	6637
100951	6638
100955	6639
100958	6640
100961	6641
100972	6642
100975	6643
100976	6644
100979	6645
100980	6646
100981	6647
100983	6648
100988	6649
100990	6650
100992	6651
100994	6652
100996	6653
100999	6654
101001	6655
101005	6656
101007	6657
101010	6658
101014	6659
101017	6660
101019	6661
101023	6662
101026	6663
101028	6664
101035	6665
101036	6666
101039	6667
101041	6668
101043	6669
101047	6670
101050	6671
101054	6672
101057	6673
101059	6674
101063	6675
101066	6676
101069	6677
101074	6678
101075	6679
101080	6680
101084	6681
101086	6682
101089	6683
101093	6684
101099	6685
101101	6686
101103	6687
101115	6688
101116	6689
101118	6690
101120	6691
101123	6692
101125	6693
101126	6694
101129	6695
101135	6696
101137	6697
101139	6698
101140	6699
101147	6700
101150	6701
101157	6702
101159	6703
101161	6704
101164	6705
101166	6706
101169	6707
101170	6708
101172	6709
101176	6710
101180	6711
101186	6712
101192	6713
101194	6714
101196	6715
101200	6716
101202	6717
101208	6718
101209	6719
101212	6720
101215	6721
101217	6722
101220	6723
101222	6724
101224	6725
101234	6726
101238	6727
101239	6728
101241	6729
101242	6730
101245	6731
101246	6732
101250	6733
101252	6734
101257	6735
101266	6736
101271	6737
101282	6738
101285	6739
101288	6740
101290	6741
101292	6742
101296	6743
101298	6744
101302	6745
101307	6746
101309	6747
101315	6748
101319	6749
101323	6750
101325	6751
101332	6752
101335	6753
101338	6754
101343	6755
101366	6756
101371	6757
101375	6758
101377	6759
101382	6760
101390	6761
101392	6762
101395	6763
101398	6764
101406	6765
101412	6766
101414	6767
101415	6768
101417	6769
101420	6770
101422	6771
101424	6772
101426	6773
101429	6774
101432	6775
101434	6776
101436	6777
101437	6778
101446	6779
101447	6780
101452	6781
101454	6782
101458	6783
101461	6784
101465	6785
101469	6786
101471	6787
101474	6788
101479	6789
101484	6790
101487	6791
101489	6792
101492	6793
101495	6794
101500	6795
101504	6796
101507	6797
101510	6798
101515	6799
101516	6800
101519	6801
101522	6802
101528	6803
101532	6804
101535	6805
101537	6806
101540	6807
101549	6808
101551	6809
101555	6810
101560	6811
101561	6812
101571	6813
101574	6814
101576	6815
101577	6816
101580	6817
101584	6818
101591	6819
101595	6820
101597	6821
101602	6822
101607	6823
101609	6824
101615	6825
101617	6826
101618	6827
101625	6828
101628	6829
101631	6830
101634	6831
101637	6832
101639	6833
101642	6834
101645	6835
101648	6836
101651	6837
101653	6838
101658	6839
101662	6840
101666	6841
101675	6842
101678	6843
101681	6844
101684	6845
101687	6846
101692	6847
101697	6848
101704	6849
101705	6850
101708	6851
101716	6852
101720	6853
101723	6854
101724	6855
101737	6856
101742	6857
101747	6858
101752	6859
101756	6860
101760	6861
101763	6862
101772	6863
101775	6864
101779	6865
101782	6866
101784	6867
101792	6868
101795	6869
101798	6870
101801	6871
101803	6872
101808	6873
101809	6874
101810	6875
101812	6876
101814	6877
101817	6878
101821	6879
101827	6880
101829	6881
101831	6882
101833	6883
101837	6884
101840	6885
101845	6886
101847	6887
101850	6888
101853	6889
101856	6890
101859	6891
101860	6892
101862	6893
101864	6894
101871	6895
101878	6896
101879	6897
101881	6898
101887	6899
101889	6900
101892	6901
101896	6902
101898	6903
101901	6904
101906	6905
101909	6906
101915	6907
101917	6908
101923	6909
101930	6910
101932	6911
101936	6912
101939	6913
101941	6914
101943	6915
101945	6916
101948	6917
101953	6918
101955	6919
101958	6920
101966	6921
101969	6922
101973	6923
101975	6924
101978	6925
101983	6926
101986	6927
101989	6928
101993	6929
101995	6930
101998	6931
102001	6932
102009	6933
102014	6934
102018	6935
102020	6936
102022	6937
102024	6938
102025	6939
102029	6940
102031	6941
102035	6942
102036	6943
102044	6944
102047	6945
102050	6946
102051	6947
102054	6948
102055	6949
102058	6950
102062	6951
102064	6952
102065	6953
102068	6954
102071	6955
102072	6956
102075	6957
102079	6958
102083	6959
102087	6960
102090	6961
102098	6962
102107	6963
102114	6964
102118	6965
102123	6966
102126	6967
102128	6968
102131	6969
102133	6970
102136	6971
102141	6972
102143	6973
102149	6974
102152	6975
102156	6976
102158	6977
102159	6978
102163	6979
102169	6980
102175	6981
102179	6982
102181	6983
102182	6984
102185	6985
102187	6986
102192	6987
102205	6988
102216	6989
102219	6990
102232	6991
102233	6992
102235	6993
102240	6994
102245	6995
102248	6996
102251	6997
102254	6998
102256	6999
102258	7000
102260	7001
102261	7002
102266	7003
102268	7004
102269	7005
102273	7006
102276	7007
102284	7008
102286	7009
102290	7010
102293	7011
102296	7012
102297	7013
102298	7014
102299	7015
102302	7016
102306	7017
102308	7018
102310	7019
102312	7020
102315	7021
102316	7022
102318	7023
102319	7024
102324	7025
102328	7026
102331	7027
102334	7028
102335	7029
102337	7030
102341	7031
102343	7032
102348	7033
102350	7034
102353	7035
102354	7036
102357	7037
102360	7038
102364	7039
102368	7040
102372	7041
102374	7042
102376	7043
102379	7044
102380	7045
102383	7046
102385	7047
102387	7048
102392	7049
102395	7050
102397	7051
102399	7052
102401	7053
102405	7054
102410	7055
102412	7056
102416	7057
102418	7058
102422	7059
102426	7060
102431	7061
102436	7062
102439	7063
102440	7064
102443	7065
102445	7066
102446	7067
102448	7068
102453	7069
102463	7070
102465	7071
102467	7072
102471	7073
102473	7074
102476	7075
102483	7076
102484	7077
102486	7078
102488	7079
102493	7080
102495	7081
102499	7082
102502	7083
102506	7084
102516	7085
102518	7086
102521	7087
102526	7088
102528	7089
102530	7090
102533	7091
102534	7092
102543	7093
102552	7094
102553	7095
102554	7096
102560	7097
102563	7098
102572	7099
102574	7100
102577	7101
102578	7102
102583	7103
102587	7104
102589	7105
102590	7106
102594	7107
102597	7108
102598	7109
102599	7110
102602	7111
102604	7112
102609	7113
102612	7114
102614	7115
102616	7116
102619	7117
102621	7118
102623	7119
102630	7120
102633	7121
102634	7122
102636	7123
102641	7124
102644	7125
102647	7126
102651	7127
102655	7128
102659	7129
102662	7130
102665	7131
102668	7132
102670	7133
102672	7134
102674	7135
102675	7136
102677	7137
102679	7138
102682	7139
102685	7140
102690	7141
102694	7142
102697	7143
102701	7144
102705	7145
102707	7146
102711	7147
102720	7148
102723	7149
102726	7150
102728	7151
102730	7152
102735	7153
102739	7154
102742	7155
102744	7156
102746	7157
102748	7158
102751	7159
102753	7160
102758	7161
102761	7162
102763	7163
102766	7164
102769	7165
102771	7166
102775	7167
102782	7168
102787	7169
102793	7170
102797	7171
102801	7172
102810	7173
102813	7174
102818	7175
102823	7176
102826	7177
102831	7178
102837	7179
102842	7180
102846	7181
102848	7182
102849	7183
102850	7184
102852	7185
102853	7186
102855	7187
102856	7188
102867	7189
102869	7190
102874	7191
102875	7192
102878	7193
102880	7194
102885	7195
102896	7196
102897	7197
102899	7198
102904	7199
102909	7200
102912	7201
102915	7202
102919	7203
102920	7204
102923	7205
102924	7206
102926	7207
102928	7208
102935	7209
102937	7210
102939	7211
102940	7212
102942	7213
102946	7214
102948	7215
102950	7216
102952	7217
102957	7218
102963	7219
102964	7220
102965	7221
102967	7222
102970	7223
102973	7224
102977	7225
102979	7226
102983	7227
102988	7228
102991	7229
102995	7230
103019	7231
103020	7232
103024	7233
103029	7234
103032	7235
103035	7236
103039	7237
103040	7238
103042	7239
103046	7240
103049	7241
103051	7242
103054	7243
103057	7244
103065	7245
103069	7246
103071	7247
103075	7248
103079	7249
103081	7250
103083	7251
103086	7252
103089	7253
103092	7254
103094	7255
103097	7256
103102	7257
103107	7258
103111	7259
103112	7260
103114	7261
103119	7262
103122	7263
103125	7264
103127	7265
103129	7266
103138	7267
103139	7268
103144	7269
103147	7270
103149	7271
103153	7272
103156	7273
103159	7274
103161	7275
103165	7276
103168	7277
103172	7278
103174	7279
103177	7280
103180	7281
103182	7282
103188	7283
103190	7284
103194	7285
103197	7286
103199	7287
103203	7288
103212	7289
103214	7290
103217	7291
103218	7292
103220	7293
103223	7294
103227	7295
103229	7296
103230	7297
103232	7298
103233	7299
103235	7300
103242	7301
103245	7302
103249	7303
103252	7304
103254	7305
103258	7306
103265	7307
103271	7308
103274	7309
103279	7310
103280	7311
103283	7312
103285	7313
103289	7314
103294	7315
103299	7316
103303	7317
103306	7318
103309	7319
103316	7320
103317	7321
103319	7322
103320	7323
103321	7324
103323	7325
103325	7326
103327	7327
103329	7328
103337	7329
103340	7330
103343	7331
103345	7332
103348	7333
103350	7334
103351	7335
103354	7336
103356	7337
103361	7338
103363	7339
103371	7340
103376	7341
103380	7342
103382	7343
103386	7344
103387	7345
103392	7346
103401	7347
103403	7348
103413	7349
103418	7350
103419	7351
103422	7352
103424	7353
103425	7354
103428	7355
103430	7356
103434	7357
103438	7358
103440	7359
103441	7360
103443	7361
103448	7362
103450	7363
103453	7364
103455	7365
103458	7366
103461	7367
103462	7368
103464	7369
103468	7370
103474	7371
103476	7372
103480	7373
103482	7374
103484	7375
103487	7376
103489	7377
103490	7378
103495	7379
103498	7380
103499	7381
103505	7382
103512	7383
103515	7384
103518	7385
103523	7386
103524	7387
103528	7388
103529	7389
103531	7390
103536	7391
103538	7392
103540	7393
103544	7394
103554	7395
103558	7396
103561	7397
103563	7398
103565	7399
103566	7400
103569	7401
103572	7402
103574	7403
103578	7404
103581	7405
103584	7406
103587	7407
103591	7408
103594	7409
103596	7410
103600	7411
103607	7412
103611	7413
103614	7414
103617	7415
103619	7416
103622	7417
103624	7418
103628	7419
103634	7420
103641	7421
103647	7422
103648	7423
103651	7424
103657	7425
103659	7426
103660	7427
103662	7428
103665	7429
103667	7430
103670	7431
103672	7432
103677	7433
103682	7434
103687	7435
103689	7436
103693	7437
103696	7438
103699	7439
103702	7440
103705	7441
103712	7442
103715	7443
103722	7444
103729	7445
103732	7446
103733	7447
103737	7448
103738	7449
103744	7450
103747	7451
103748	7452
103749	7453
103753	7454
103756	7455
103758	7456
103760	7457
103763	7458
103765	7459
103769	7460
103771	7461
103782	7462
103784	7463
103797	7464
103802	7465
103805	7466
103808	7467
103813	7468
103818	7469
103823	7470
103827	7471
103831	7472
103833	7473
103834	7474
103839	7475
103844	7476
103845	7477
103850	7478
103854	7479
103856	7480
103861	7481
103865	7482
103869	7483
103871	7484
103874	7485
103877	7486
103880	7487
103885	7488
103886	7489
103888	7490
103890	7491
103896	7492
103903	7493
103904	7494
103905	7495
103908	7496
103913	7497
103915	7498
103921	7499
103923	7500
103928	7501
103930	7502
103932	7503
103936	7504
103940	7505
103942	7506
103945	7507
103946	7508
103948	7509
103960	7510
103963	7511
103965	7512
103968	7513
103984	7514
103990	7515
103996	7516
103999	7517
104003	7518
104006	7519
104007	7520
104011	7521
104014	7522
104016	7523
104019	7524
104023	7525
104027	7526
104032	7527
104036	7528
104041	7529
104043	7530
104045	7531
104046	7532
104049	7533
104050	7534
104052	7535
104055	7536
104057	7537
104059	7538
104063	7539
104064	7540
104073	7541
104075	7542
104077	7543
104079	7544
104081	7545
104085	7546
104088	7547
104090	7548
104095	7549
104097	7550
104100	7551
104102	7552
104105	7553
104107	7554
104110	7555
104113	7556
104119	7557
104122	7558
104126	7559
104128	7560
104130	7561
104132	7562
104137	7563
104139	7564
104142	7565
104151	7566
104152	7567
104153	7568
104156	7569
104162	7570
104163	7571
104165	7572
104169	7573
104172	7574
104174	7575
104176	7576
104178	7577
104182	7578
104185	7579
104189	7580
104191	7581
104192	7582
104194	7583
104198	7584
104201	7585
104204	7586
104208	7587
104210	7588
104213	7589
104217	7590
104219	7591
104228	7592
104229	7593
104232	7594
104233	7595
104238	7596
104240	7597
104242	7598
104245	7599
104251	7600
104254	7601
104256	7602
104261	7603
104265	7604
104268	7605
104272	7606
104276	7607
104281	7608
104285	7609
104287	7610
104289	7611
104293	7612
104297	7613
104299	7614
104306	7615
104308	7616
104311	7617
104318	7618
104322	7619
104324	7620
104332	7621
104339	7622
104343	7623
104349	7624
104351	7625
104352	7626
104354	7627
104360	7628
104364	7629
104366	7630
104371	7631
104380	7632
104382	7633
104384	7634
104386	7635
104388	7636
104391	7637
104394	7638
104396	7639
104398	7640
104401	7641
104403	7642
104406	7643
104409	7644
104411	7645
104418	7646
104420	7647
104421	7648
104426	7649
104430	7650
104432	7651
104435	7652
104439	7653
104441	7654
104446	7655
104448	7656
104456	7657
104461	7658
104465	7659
104469	7660
104472	7661
104474	7662
104477	7663
104480	7664
104485	7665
104490	7666
104495	7667
104496	7668
104499	7669
104500	7670
104501	7671
104510	7672
104512	7673
104515	7674
104518	7675
104522	7676
104524	7677
104526	7678
104528	7679
104534	7680
104538	7681
104539	7682
104540	7683
104543	7684
104545	7685
104549	7686
104552	7687
104554	7688
104557	7689
104560	7690
104562	7691
104563	7692
104565	7693
104567	7694
104570	7695
104572	7696
104580	7697
104582	7698
104586	7699
104590	7700
104594	7701
104599	7702
104601	7703
104603	7704
104607	7705
104615	7706
104616	7707
104621	7708
104622	7709
104623	7710
104630	7711
104633	7712
104635	7713
104642	7714
104645	7715
104647	7716
104649	7717
104651	7718
104652	7719
104655	7720
104657	7721
104658	7722
104661	7723
104663	7724
104671	7725
104674	7726
104676	7727
104677	7728
104685	7729
104689	7730
104691	7731
104693	7732
104696	7733
104700	7734
104705	7735
104710	7736
104712	7737
104717	7738
104726	7739
104727	7740
104732	7741
104735	7742
104737	7743
104738	7744
104740	7745
104745	7746
104748	7747
104752	7748
104754	7749
104757	7750
104759	7751
104760	7752
104761	7753
104767	7754
104770	7755
104773	7756
104776	7757
104796	7758
104797	7759
104802	7760
104805	7761
104809	7762
104812	7763
104814	7764
104818	7765
104829	7766
104833	7767
104834	7768
104836	7769
104839	7770
104841	7771
104843	7772
104846	7773
104850	7774
104853	7775
104864	7776
104869	7777
104870	7778
104872	7779
104875	7780
104878	7781
104881	7782
104883	7783
104885	7784
104888	7785
104890	7786
104894	7787
104895	7788
104902	7789
104910	7790
104916	7791
104919	7792
104922	7793
104925	7794
104928	7795
104930	7796
104933	7797
104935	7798
104938	7799
104948	7800
104950	7801
104952	7802
104953	7803
104955	7804
104961	7805
104962	7806
104964	7807
104967	7808
104972	7809
104973	7810
104975	7811
104978	7812
104982	7813
104988	7814
105001	7815
105003	7816
105006	7817
105009	7818
105017	7819
105021	7820
105024	7821
105025	7822
105029	7823
105034	7824
105039	7825
105052	7826
105054	7827
105057	7828
105058	7829
105061	7830
105064	7831
105070	7832
105073	7833
105077	7834
105079	7835
105088	7836
105092	7837
105095	7838
105097	7839
105100	7840
105101	7841
105104	7842
105107	7843
105109	7844
105111	7845
105114	7846
105117	7847
105121	7848
105129	7849
105131	7850
105135	7851
105137	7852
105145	7853
105153	7854
105156	7855
105159	7856
105164	7857
105169	7858
105171	7859
105174	7860
105177	7861
105187	7862
105188	7863
105194	7864
105196	7865
105204	7866
105210	7867
105217	7868
105223	7869
105230	7870
105236	7871
105239	7872
105253	7873
105257	7874
105258	7875
105264	7876
105271	7877
105275	7878
105280	7879
105282	7880
105287	7881
105292	7882
105300	7883
105303	7884
105307	7885
105309	7886
105311	7887
105314	7888
105317	7889
105320	7890
105325	7891
105333	7892
105335	7893
105337	7894
105342	7895
105346	7896
105351	7897
105353	7898
105360	7899
105361	7900
105369	7901
105371	7902
105376	7903
105398	7904
105402	7905
105407	7906
105412	7907
105416	7908
105421	7909
105425	7910
105429	7911
105432	7912
105436	7913
105438	7914
105439	7915
105441	7916
105443	7917
105445	7918
105451	7919
105457	7920
105458	7921
105460	7922
105465	7923
105466	7924
105469	7925
105471	7926
105473	7927
105475	7928
105476	7929
105479	7930
105482	7931
105483	7932
105490	7933
105493	7934
105500	7935
105502	7936
105504	7937
105506	7938
105512	7939
105517	7940
105520	7941
105523	7942
105529	7943
105531	7944
105533	7945
105540	7946
105542	7947
105546	7948
105550	7949
105555	7950
105565	7951
105572	7952
105579	7953
105581	7954
105584	7955
105588	7956
105595	7957
105598	7958
105600	7959
105602	7960
105604	7961
105607	7962
105608	7963
105610	7964
105615	7965
105619	7966
105623	7967
105625	7968
105631	7969
105637	7970
105642	7971
105645	7972
105648	7973
105654	7974
105657	7975
105663	7976
105665	7977
105667	7978
105671	7979
105675	7980
105678	7981
105680	7982
105690	7983
105700	7984
105702	7985
105703	7986
105706	7987
105707	7988
105710	7989
105711	7990
105714	7991
105717	7992
105720	7993
105725	7994
105728	7995
105729	7996
105730	7997
105731	7998
105735	7999
105736	8000
105737	8001
105740	8002
105749	8003
105755	8004
105760	8005
105761	8006
105765	8007
105767	8008
105773	8009
105774	8010
105777	8011
105781	8012
105785	8013
105791	8014
105792	8015
105794	8016
105798	8017
105801	8018
105804	8019
105811	8020
105819	8021
105821	8022
105824	8023
105835	8024
105840	8025
105844	8026
105852	8027
105853	8028
105863	8029
105864	8030
105869	8031
105878	8032
105881	8033
105882	8034
105886	8035
105896	8036
105898	8037
105900	8038
105905	8039
105908	8040
105913	8041
105915	8042
105917	8043
105919	8044
105926	8045
105928	8046
105930	8047
105933	8048
105934	8049
105941	8050
105944	8051
105952	8052
105955	8053
105960	8054
105967	8055
105969	8056
105971	8057
105975	8058
105978	8059
105983	8060
105987	8061
105990	8062
105994	8063
106001	8064
106007	8065
106016	8066
106022	8067
106027	8068
106031	8069
106034	8070
106035	8071
106039	8072
106040	8073
106046	8074
106047	8075
106048	8076
106053	8077
106058	8078
106061	8079
106063	8080
106065	8081
106068	8082
106070	8083
106072	8084
106075	8085
106079	8086
106087	8087
106094	8088
106100	8089
106103	8090
106104	8091
106106	8092
106111	8093
106113	8094
106115	8095
106117	8096
106124	8097
106125	8098
106130	8099
106133	8100
106135	8101
106140	8102
106143	8103
106147	8104
106150	8105
106152	8106
106155	8107
106164	8108
106168	8109
106171	8110
106176	8111
106179	8112
106186	8113
106189	8114
106198	8115
106201	8116
106205	8117
106208	8118
106212	8119
106216	8120
106223	8121
106227	8122
106231	8123
106235	8124
106238	8125
106244	8126
106249	8127
106253	8128
106258	8129
106262	8130
106264	8131
106267	8132
106271	8133
106274	8134
106278	8135
106281	8136
106282	8137
106287	8138
106291	8139
106296	8140
106298	8141
106304	8142
106306	8143
106309	8144
106317	8145
106320	8146
106326	8147
106327	8148
106329	8149
106335	8150
106340	8151
106343	8152
106344	8153
106347	8154
106349	8155
106352	8156
106356	8157
106357	8158
106359	8159
106363	8160
106367	8161
106372	8162
106377	8163
106380	8164
106382	8165
106385	8166
106387	8167
106388	8168
106392	8169
106395	8170
106399	8171
106406	8172
106408	8173
106414	8174
106416	8175
106418	8176
106422	8177
106423	8178
106426	8179
106427	8180
106428	8181
106429	8182
106432	8183
106435	8184
106439	8185
106441	8186
106444	8187
106447	8188
106450	8189
106455	8190
106458	8191
106464	8192
106466	8193
106468	8194
106471	8195
106472	8196
106479	8197
106482	8198
106485	8199
106486	8200
106489	8201
106496	8202
106499	8203
106507	8204
106513	8205
106517	8206
106520	8207
106523	8208
106526	8209
106531	8210
106534	8211
106537	8212
106540	8213
106546	8214
106551	8215
106554	8216
106557	8217
106558	8218
106562	8219
106566	8220
106569	8221
106571	8222
106574	8223
106578	8224
106580	8225
106585	8226
106593	8227
106595	8228
106597	8229
106600	8230
106603	8231
106606	8232
106609	8233
106613	8234
106618	8235
106622	8236
106625	8237
106630	8238
106632	8239
106634	8240
106635	8241
106639	8242
106642	8243
106646	8244
106652	8245
106654	8246
106657	8247
106659	8248
106661	8249
106666	8250
106669	8251
106670	8252
106673	8253
106676	8254
106679	8255
106683	8256
106686	8257
106687	8258
106690	8259
106694	8260
106701	8261
106711	8262
106719	8263
106722	8264
106728	8265
106732	8266
106735	8267
106738	8268
106739	8269
106741	8270
106743	8271
106746	8272
106749	8273
106752	8274
106756	8275
106758	8276
106760	8277
106762	8278
106767	8279
106778	8280
106784	8281
106790	8282
106793	8283
106794	8284
106797	8285
106798	8286
106802	8287
106805	8288
106809	8289
106815	8290
106816	8291
106820	8292
106823	8293
106828	8294
106830	8295
106831	8296
106840	8297
106849	8298
106851	8299
106853	8300
106855	8301
106857	8302
106860	8303
106862	8304
106868	8305
106870	8306
106874	8307
106876	8308
106878	8309
106879	8310
106885	8311
106888	8312
106889	8313
106899	8314
106901	8315
106905	8316
106908	8317
106913	8318
106915	8319
106919	8320
106921	8321
106928	8322
106932	8323
106936	8324
106938	8325
106942	8326
106947	8327
106949	8328
106950	8329
106953	8330
106955	8331
106960	8332
106963	8333
106966	8334
106968	8335
106971	8336
106975	8337
106979	8338
106983	8339
106988	8340
106991	8341
106994	8342
106996	8343
107000	8344
107001	8345
107006	8346
107009	8347
107013	8348
107019	8349
107020	8350
107022	8351
107023	8352
107027	8353
107031	8354
107033	8355
107036	8356
107039	8357
107041	8358
107043	8359
107045	8360
107050	8361
107053	8362
107054	8363
107056	8364
107062	8365
107064	8366
107066	8367
107070	8368
107073	8369
107074	8370
107077	8371
107080	8372
107083	8373
107086	8374
107089	8375
107091	8376
107093	8377
107095	8378
107096	8379
107100	8380
107104	8381
107107	8382
107110	8383
107113	8384
107115	8385
107118	8386
107121	8387
107126	8388
107130	8389
107137	8390
107140	8391
107144	8392
107147	8393
107149	8394
107154	8395
107155	8396
107158	8397
107162	8398
107167	8399
107169	8400
107170	8401
107177	8402
107178	8403
107192	8404
107195	8405
107198	8406
107205	8407
107209	8408
107211	8409
107215	8410
107220	8411
107224	8412
107227	8413
107231	8414
107235	8415
107237	8416
107240	8417
107243	8418
107249	8419
107252	8420
107257	8421
107260	8422
107264	8423
107267	8424
107272	8425
107274	8426
107275	8427
107279	8428
107282	8429
107289	8430
107294	8431
107295	8432
107301	8433
107303	8434
107311	8435
107317	8436
107318	8437
107321	8438
107324	8439
107326	8440
107330	8441
107332	8442
107334	8443
107336	8444
107337	8445
107341	8446
107346	8447
107349	8448
107358	8449
107360	8450
107363	8451
107365	8452
107367	8453
107370	8454
107373	8455
107379	8456
107382	8457
107384	8458
107386	8459
107393	8460
107396	8461
107399	8462
107402	8463
107412	8464
107418	8465
107424	8466
107425	8467
107430	8468
107432	8469
107440	8470
107441	8471
107443	8472
107449	8473
107456	8474
107459	8475
107462	8476
107463	8477
107464	8478
107467	8479
107468	8480
107476	8481
107480	8482
107482	8483
107487	8484
107489	8485
107493	8486
107494	8487
107495	8488
107497	8489
107498	8490
107502	8491
107505	8492
107507	8493
107509	8494
107510	8495
107514	8496
107516	8497
107523	8498
107525	8499
107530	8500
107538	8501
107544	8502
107549	8503
107551	8504
107554	8505
107557	8506
107560	8507
107561	8508
107565	8509
107571	8510
107574	8511
107577	8512
107581	8513
107587	8514
107590	8515
107595	8516
107600	8517
107604	8518
107606	8519
107609	8520
107613	8521
107614	8522
107619	8523
107622	8524
107626	8525
107632	8526
107633	8527
107637	8528
107643	8529
107648	8530
107655	8531
107658	8532
107661	8533
107663	8534
107668	8535
107669	8536
107677	8537
107681	8538
107683	8539
107686	8540
107694	8541
107697	8542
107700	8543
107702	8544
107705	8545
107708	8546
107710	8547
107714	8548
107722	8549
107727	8550
107733	8551
107734	8552
107745	8553
107749	8554
107757	8555
107761	8556
107763	8557
107766	8558
107769	8559
107772	8560
107780	8561
107782	8562
107785	8563
107786	8564
107791	8565
107793	8566
107796	8567
107800	8568
107801	8569
107803	8570
107807	8571
107811	8572
107814	8573
107817	8574
107821	8575
107822	8576
107825	8577
107826	8578
107830	8579
107837	8580
107841	8581
107844	8582
107847	8583
107850	8584
107852	8585
107855	8586
107858	8587
107862	8588
107864	8589
107868	8590
107872	8591
107875	8592
107879	8593
107880	8594
107881	8595
107882	8596
107889	8597
107893	8598
107897	8599
107900	8600
107906	8601
107908	8602
107910	8603
107912	8604
107922	8605
107924	8606
107926	8607
107927	8608
107933	8609
107934	8610
107937	8611
107939	8612
107942	8613
107944	8614
107946	8615
107950	8616
107954	8617
107957	8618
107961	8619
107963	8620
107964	8621
107968	8622
107973	8623
107976	8624
107979	8625
107986	8626
107988	8627
107995	8628
107997	8629
108002	8630
108009	8631
108017	8632
108020	8633
108022	8634
108025	8635
108028	8636
108031	8637
108033	8638
108039	8639
108043	8640
108046	8641
108051	8642
108054	8643
108056	8644
108061	8645
108064	8646
108068	8647
108071	8648
108073	8649
108074	8650
108077	8651
108078	8652
108081	8653
108082	8654
108083	8655
108086	8656
108089	8657
108091	8658
108092	8659
108096	8660
108100	8661
108103	8662
108107	8663
108110	8664
108113	8665
108115	8666
108116	8667
108118	8668
108125	8669
108127	8670
108133	8671
108135	8672
108140	8673
108143	8674
108147	8675
108156	8676
108158	8677
108159	8678
108168	8679
108171	8680
108173	8681
108176	8682
108182	8683
108185	8684
108190	8685
108194	8686
108206	8687
108210	8688
108215	8689
108223	8690
108227	8691
108233	8692
108235	8693
108242	8694
108244	8695
108245	8696
108248	8697
108251	8698
108254	8699
108257	8700
108259	8701
108262	8702
108265	8703
108267	8704
108270	8705
108273	8706
108281	8707
108289	8708
108298	8709
108301	8710
108303	8711
108307	8712
108311	8713
108315	8714
108320	8715
108324	8716
108327	8717
108331	8718
108334	8719
108338	8720
108340	8721
108342	8722
108344	8723
108350	8724
108353	8725
108355	8726
108363	8727
108365	8728
108368	8729
108372	8730
108377	8731
108382	8732
108386	8733
108388	8734
108390	8735
108392	8736
108394	8737
108397	8738
108399	8739
108405	8740
108406	8741
108411	8742
108414	8743
108418	8744
108420	8745
108422	8746
108426	8747
108432	8748
108438	8749
108442	8750
108444	8751
108447	8752
108450	8753
108457	8754
108461	8755
108464	8756
108467	8757
108468	8758
108470	8759
108473	8760
108475	8761
108483	8762
108485	8763
108486	8764
108488	8765
108490	8766
108494	8767
108497	8768
108499	8769
108504	8770
108505	8771
108509	8772
108511	8773
108513	8774
108515	8775
108518	8776
108524	8777
108526	8778
108529	8779
108530	8780
108536	8781
108541	8782
108548	8783
108552	8784
108553	8785
108555	8786
108559	8787
108560	8788
108563	8789
108567	8790
108571	8791
108574	8792
108575	8793
108577	8794
108584	8795
108585	8796
108589	8797
108592	8798
108597	8799
108600	8800
108601	8801
108603	8802
108607	8803
108610	8804
108613	8805
108615	8806
108618	8807
108620	8808
108623	8809
108629	8810
108633	8811
108634	8812
108637	8813
108639	8814
108640	8815
108643	8816
108645	8817
108648	8818
108652	8819
108657	8820
108659	8821
108664	8822
108666	8823
108670	8824
108676	8825
108679	8826
108681	8827
108683	8828
108684	8829
108692	8830
108693	8831
108697	8832
108700	8833
108702	8834
108705	8835
108707	8836
108709	8837
108715	8838
108719	8839
108721	8840
108725	8841
108734	8842
108738	8843
108742	8844
108745	8845
108748	8846
108753	8847
108757	8848
108758	8849
108762	8850
108765	8851
108768	8852
108774	8853
108777	8854
108779	8855
108783	8856
108786	8857
108787	8858
108791	8859
108796	8860
108798	8861
108801	8862
108804	8863
108806	8864
108808	8865
108812	8866
108816	8867
108820	8868
108822	8869
108826	8870
108828	8871
108832	8872
108833	8873
108836	8874
108838	8875
108841	8876
108846	8877
108852	8878
108855	8879
108858	8880
108862	8881
108863	8882
108865	8883
108869	8884
108874	8885
108878	8886
108882	8887
108889	8888
108895	8889
108897	8890
108906	8891
108909	8892
108917	8893
108923	8894
108925	8895
108930	8896
108932	8897
108934	8898
108936	8899
108942	8900
108953	8901
108955	8902
108960	8903
108961	8904
108963	8905
108965	8906
108967	8907
108970	8908
108972	8909
108982	8910
108984	8911
108986	8912
108990	8913
108997	8914
109000	8915
109002	8916
109005	8917
109008	8918
109010	8919
109014	8920
109017	8921
109020	8922
109022	8923
109027	8924
109030	8925
109035	8926
109040	8927
109042	8928
109044	8929
109047	8930
109055	8931
109057	8932
109059	8933
109061	8934
109067	8935
109070	8936
109074	8937
109077	8938
109083	8939
109085	8940
109086	8941
109087	8942
109091	8943
109094	8944
109096	8945
109099	8946
109102	8947
109110	8948
109119	8949
109120	8950
109122	8951
109128	8952
109129	8953
109134	8954
109137	8955
109142	8956
109144	8957
109145	8958
109148	8959
109150	8960
109151	8961
109153	8962
109157	8963
109161	8964
109164	8965
109166	8966
109169	8967
109172	8968
109174	8969
109180	8970
109183	8971
109186	8972
109189	8973
109191	8974
109194	8975
109197	8976
109202	8977
109206	8978
109208	8979
109213	8980
109215	8981
109218	8982
109225	8983
109227	8984
109230	8985
109233	8986
109236	8987
109239	8988
109240	8989
109242	8990
109244	8991
109251	8992
109254	8993
109256	8994
109258	8995
109262	8996
109263	8997
109267	8998
109270	8999
109273	9000
109275	9001
109279	9002
109282	9003
109291	9004
109294	9005
109296	9006
109303	9007
109308	9008
109313	9009
109315	9010
109318	9011
109326	9012
109329	9013
109330	9014
109332	9015
109334	9016
109341	9017
109342	9018
109347	9019
109352	9020
109358	9021
109362	9022
109366	9023
109368	9024
109371	9025
109374	9026
109379	9027
109388	9028
109392	9029
109396	9030
109398	9031
109402	9032
109408	9033
109410	9034
109411	9035
109413	9036
109418	9037
109426	9038
109433	9039
109439	9040
109443	9041
109444	9042
109451	9043
109459	9044
109461	9045
109465	9046
109466	9047
109470	9048
109472	9049
109473	9050
109474	9051
109475	9052
109476	9053
109478	9054
109482	9055
109485	9056
109489	9057
109491	9058
109492	9059
109496	9060
109500	9061
109503	9062
109506	9063
109515	9064
109521	9065
109524	9066
109527	9067
109531	9068
109534	9069
109538	9070
109543	9071
109548	9072
109554	9073
109556	9074
109557	9075
109559	9076
109564	9077
109565	9078
109570	9079
109572	9080
109577	9081
109579	9082
109581	9083
109583	9084
109586	9085
109589	9086
109592	9087
109595	9088
109598	9089
109601	9090
109604	9091
109607	9092
109610	9093
109613	9094
109618	9095
109624	9096
109629	9097
109635	9098
109639	9099
109644	9100
109647	9101
109650	9102
109652	9103
109656	9104
109659	9105
109663	9106
109667	9107
109669	9108
109673	9109
109676	9110
109679	9111
109682	9112
109684	9113
109689	9114
109692	9115
109694	9116
109702	9117
109704	9118
109707	9119
109710	9120
109717	9121
109720	9122
109722	9123
109725	9124
109726	9125
109730	9126
109734	9127
109737	9128
109739	9129
109743	9130
109744	9131
109746	9132
109752	9133
109754	9134
109762	9135
109764	9136
109769	9137
109773	9138
109776	9139
109784	9140
109792	9141
109795	9142
109799	9143
109802	9144
109805	9145
109818	9146
109821	9147
109823	9148
109827	9149
109830	9150
109834	9151
109835	9152
109837	9153
109842	9154
109849	9155
109853	9156
109854	9157
109856	9158
109860	9159
109863	9160
109865	9161
109880	9162
109884	9163
109889	9164
109892	9165
109894	9166
109899	9167
109905	9168
109908	9169
109909	9170
109910	9171
109915	9172
109920	9173
109928	9174
109930	9175
109932	9176
109934	9177
109936	9178
109937	9179
109939	9180
109941	9181
109944	9182
109945	9183
109947	9184
109949	9185
109951	9186
109954	9187
109962	9188
109967	9189
109969	9190
109974	9191
109977	9192
109981	9193
109984	9194
109987	9195
109990	9196
109997	9197
110001	9198
110004	9199
110007	9200
110013	9201
110016	9202
110020	9203
110028	9204
110031	9205
110033	9206
110034	9207
110036	9208
110038	9209
110040	9210
110047	9211
110060	9212
110062	9213
110066	9214
110068	9215
110069	9216
110072	9217
110076	9218
110078	9219
110080	9220
110085	9221
110087	9222
110091	9223
110093	9224
110097	9225
110112	9226
110120	9227
110123	9228
110126	9229
110136	9230
110137	9231
110145	9232
110148	9233
110152	9234
110155	9235
110159	9236
110160	9237
110162	9238
110164	9239
110167	9240
110172	9241
110176	9242
110179	9243
110182	9244
110186	9245
110189	9246
110191	9247
110192	9248
110194	9249
110196	9250
110198	9251
110203	9252
110206	9253
110210	9254
110213	9255
110218	9256
110221	9257
110224	9258
110226	9259
110236	9260
110238	9261
110242	9262
110243	9263
110244	9264
110247	9265
110249	9266
110251	9267
110254	9268
110257	9269
110260	9270
110263	9271
110265	9272
110268	9273
110270	9274
110277	9275
110278	9276
110281	9277
110284	9278
110287	9279
110292	9280
110295	9281
110296	9282
110300	9283
110303	9284
110306	9285
110309	9286
110312	9287
110318	9288
110321	9289
110323	9290
110325	9291
110328	9292
110331	9293
110333	9294
110334	9295
110335	9296
110338	9297
110342	9298
110344	9299
110348	9300
110350	9301
110352	9302
110355	9303
110366	9304
110371	9305
110380	9306
110387	9307
110388	9308
110391	9309
110394	9310
110396	9311
110398	9312
110400	9313
110401	9314
110406	9315
110408	9316
110409	9317
110414	9318
110425	9319
110428	9320
110430	9321
110433	9322
110434	9323
110440	9324
110443	9325
110452	9326
110461	9327
110466	9328
110469	9329
110470	9330
110474	9331
110479	9332
110483	9333
110486	9334
110488	9335
110494	9336
110497	9337
110499	9338
110504	9339
110506	9340
110509	9341
110511	9342
110513	9343
110517	9344
110521	9345
110525	9346
110534	9347
110537	9348
110541	9349
110545	9350
110546	9351
110548	9352
110556	9353
110560	9354
110565	9355
110570	9356
110574	9357
110578	9358
110579	9359
110581	9360
110583	9361
110586	9362
110589	9363
110592	9364
110594	9365
110598	9366
110599	9367
110603	9368
110608	9369
110611	9370
110614	9371
110617	9372
110620	9373
110623	9374
110631	9375
110635	9376
110641	9377
110646	9378
110647	9379
110649	9380
110650	9381
110654	9382
110656	9383
110662	9384
110667	9385
110668	9386
110672	9387
110674	9388
110677	9389
110678	9390
110679	9391
110682	9392
110687	9393
110694	9394
110700	9395
110702	9396
110710	9397
110718	9398
110720	9399
110723	9400
110727	9401
110731	9402
110737	9403
110738	9404
110741	9405
110746	9406
110748	9407
110751	9408
110758	9409
110762	9410
110764	9411
110766	9412
110771	9413
110774	9414
110776	9415
110780	9416
110784	9417
110788	9418
110794	9419
110797	9420
110802	9421
110806	9422
110809	9423
110812	9424
110814	9425
110818	9426
110820	9427
110825	9428
110827	9429
110829	9430
110833	9431
110835	9432
110837	9433
110841	9434
110845	9435
110850	9436
110867	9437
110868	9438
110869	9439
110873	9440
110874	9441
110876	9442
110880	9443
110882	9444
110886	9445
110890	9446
110893	9447
110896	9448
110898	9449
110901	9450
110904	9451
110909	9452
110910	9453
110913	9454
110915	9455
110916	9456
110921	9457
110923	9458
110926	9459
110928	9460
110931	9461
110935	9462
110937	9463
110940	9464
110944	9465
110947	9466
110952	9467
110955	9468
110957	9469
110958	9470
110961	9471
110965	9472
110967	9473
110976	9474
110979	9475
110981	9476
110984	9477
110985	9478
110989	9479
110991	9480
110993	9481
111000	9482
111001	9483
111004	9484
111007	9485
111017	9486
111018	9487
111023	9488
111025	9489
111029	9490
111035	9491
111038	9492
111042	9493
111048	9494
111052	9495
111056	9496
111059	9497
111066	9498
111072	9499
111076	9500
111079	9501
111083	9502
111086	9503
111089	9504
111095	9505
111097	9506
111099	9507
111108	9508
111112	9509
111116	9510
111120	9511
111127	9512
111133	9513
111135	9514
111139	9515
111141	9516
111144	9517
111148	9518
111150	9519
111154	9520
111155	9521
111159	9522
111162	9523
111165	9524
111167	9525
111169	9526
111174	9527
111177	9528
111179	9529
111181	9530
111183	9531
111186	9532
111190	9533
111193	9534
111195	9535
111200	9536
111203	9537
111204	9538
111206	9539
111209	9540
111212	9541
111215	9542
111216	9543
111219	9544
111222	9545
111225	9546
111228	9547
111234	9548
111238	9549
111244	9550
111245	9551
111249	9552
111250	9553
111255	9554
111257	9555
111261	9556
111263	9557
111265	9558
111267	9559
111271	9560
111272	9561
111275	9562
111281	9563
111284	9564
111290	9565
111291	9566
111294	9567
111297	9568
111299	9569
111301	9570
111304	9571
111307	9572
111311	9573
111314	9574
111316	9575
111319	9576
111327	9577
111329	9578
111333	9579
111334	9580
111342	9581
111346	9582
111349	9583
111352	9584
111354	9585
111356	9586
111357	9587
111361	9588
111367	9589
111370	9590
111372	9591
111374	9592
111377	9593
111380	9594
111383	9595
111388	9596
111390	9597
111396	9598
111402	9599
111407	9600
111410	9601
111419	9602
111422	9603
111429	9604
111434	9605
111436	9606
111438	9607
111441	9608
111446	9609
111448	9610
111449	9611
111451	9612
111455	9613
111459	9614
111464	9615
111469	9616
111472	9617
111477	9618
111482	9619
111483	9620
111490	9621
111494	9622
111495	9623
111500	9624
111503	9625
111505	9626
111511	9627
111514	9628
111516	9629
111518	9630
111530	9631
111532	9632
111534	9633
111539	9634
111545	9635
111549	9636
111552	9637
111556	9638
111564	9639
111566	9640
111568	9641
111571	9642
111573	9643
111574	9644
111576	9645
111578	9646
111581	9647
111584	9648
111588	9649
111590	9650
111592	9651
111595	9652
111603	9653
111604	9654
111608	9655
111610	9656
111616	9657
111618	9658
111623	9659
111625	9660
111628	9661
111631	9662
111633	9663
111637	9664
111640	9665
111641	9666
111644	9667
111654	9668
111655	9669
111657	9670
111660	9671
111662	9672
111668	9673
111672	9674
111677	9675
111681	9676
111684	9677
111687	9678
111690	9679
111693	9680
111697	9681
111700	9682
111703	9683
111705	9684
111710	9685
111719	9686
111722	9687
111725	9688
111729	9689
111737	9690
111741	9691
111742	9692
111744	9693
111748	9694
111750	9695
111755	9696
111758	9697
111762	9698
111766	9699
111769	9700
111771	9701
111773	9702
111775	9703
111788	9704
111792	9705
111800	9706
111803	9707
111806	9708
111810	9709
111811	9710
111813	9711
111816	9712
111819	9713
111821	9714
111824	9715
111828	9716
111831	9717
111835	9718
111837	9719
111840	9720
111842	9721
111848	9722
111856	9723
111860	9724
111863	9725
111866	9726
111872	9727
111875	9728
111880	9729
111882	9730
111884	9731
111887	9732
111892	9733
111896	9734
111899	9735
111907	9736
111908	9737
111910	9738
111912	9739
111917	9740
111924	9741
111926	9742
111932	9743
111935	9744
111939	9745
111943	9746
111947	9747
111950	9748
111955	9749
111962	9750
111968	9751
111972	9752
111975	9753
111978	9754
111987	9755
111988	9756
111994	9757
111996	9758
112003	9759
112007	9760
112010	9761
112013	9762
112016	9763
112023	9764
112031	9765
112035	9766
112036	9767
112039	9768
112041	9769
112047	9770
112049	9771
112051	9772
112054	9773
112058	9774
112061	9775
112063	9776
112066	9777
112073	9778
112076	9779
112077	9780
112084	9781
112085	9782
112087	9783
112090	9784
112091	9785
112093	9786
112095	9787
112098	9788
112102	9789
112103	9790
112107	9791
112109	9792
112115	9793
112120	9794
112123	9795
112127	9796
112130	9797
112133	9798
112136	9799
112147	9800
112149	9801
112151	9802
112154	9803
112157	9804
112159	9805
112162	9806
112165	9807
112166	9808
112170	9809
112172	9810
112173	9811
112175	9812
112177	9813
112180	9814
112185	9815
112186	9816
112188	9817
112190	9818
112196	9819
112199	9820
112205	9821
112210	9822
112214	9823
112219	9824
112223	9825
112227	9826
112230	9827
112232	9828
112233	9829
112237	9830
112241	9831
112245	9832
112247	9833
112248	9834
112249	9835
112255	9836
112256	9837
112258	9838
112260	9839
112263	9840
112266	9841
112274	9842
112277	9843
112280	9844
112281	9845
112283	9846
112286	9847
112289	9848
112293	9849
112302	9850
112305	9851
112309	9852
112316	9853
112317	9854
112320	9855
112322	9856
112325	9857
112327	9858
112330	9859
112343	9860
112348	9861
112351	9862
112353	9863
112354	9864
112357	9865
112358	9866
112369	9867
112373	9868
112379	9869
112382	9870
112388	9871
112396	9872
112400	9873
112404	9874
112408	9875
112410	9876
112413	9877
112417	9878
112419	9879
112423	9880
112426	9881
112429	9882
112432	9883
112434	9884
112440	9885
112441	9886
112443	9887
112446	9888
112449	9889
112451	9890
112456	9891
112458	9892
112460	9893
112466	9894
112470	9895
112474	9896
112476	9897
112478	9898
112485	9899
112487	9900
112489	9901
112492	9902
112493	9903
112496	9904
112502	9905
112512	9906
112514	9907
112516	9908
112522	9909
112526	9910
112531	9911
112535	9912
112537	9913
112539	9914
112542	9915
112546	9916
112548	9917
112553	9918
112556	9919
112558	9920
112563	9921
112566	9922
112567	9923
112572	9924
112576	9925
112578	9926
112581	9927
112583	9928
112585	9929
112589	9930
112594	9931
112595	9932
112597	9933
112600	9934
112603	9935
112605	9936
112607	9937
112609	9938
112613	9939
112616	9940
112618	9941
112620	9942
112625	9943
112627	9944
112629	9945
112634	9946
112637	9947
112641	9948
112652	9949
112655	9950
112657	9951
112658	9952
112661	9953
112663	9954
112665	9955
112674	9956
112679	9957
112681	9958
112687	9959
112690	9960
112697	9961
112699	9962
112700	9963
112703	9964
112709	9965
112711	9966
112713	9967
112716	9968
112719	9969
112722	9970
112726	9971
112730	9972
112735	9973
112741	9974
112744	9975
112753	9976
112754	9977
112758	9978
112764	9979
112767	9980
112769	9981
112772	9982
112781	9983
112783	9984
112785	9985
112793	9986
112796	9987
112801	9988
112807	9989
112823	9990
112828	9991
112830	9992
112835	9993
112838	9994
112844	9995
112848	9996
112853	9997
112855	9998
112857	9999
112861	10000
112862	10001
112866	10002
112876	10003
112879	10004
112887	10005
112889	10006
112891	10007
112892	10008
112893	10009
112912	10010
112914	10011
112920	10012
112925	10013
112929	10014
112935	10015
112939	10016
112945	10017
112946	10018
112948	10019
112950	10020
112952	10021
112954	10022
112962	10023
112963	10024
112970	10025
112980	10026
112985	10027
112987	10028
112991	10029
112993	10030
112996	10031
112997	10032
113002	10033
113003	10034
113006	10035
113007	10036
113009	10037
113010	10038
113011	10039
113014	10040
113020	10041
113022	10042
113024	10043
113034	10044
113036	10045
113037	10046
113040	10047
113044	10048
113049	10049
113053	10050
113055	10051
113059	10052
113061	10053
113062	10054
113064	10055
113067	10056
113079	10057
113082	10058
113086	10059
113091	10060
113100	10061
113104	10062
113109	10063
113111	10064
113112	10065
113119	10066
113120	10067
113121	10068
113122	10069
113125	10070
113131	10071
113132	10072
113136	10073
113139	10074
113146	10075
113148	10076
113151	10077
113156	10078
113163	10079
113165	10080
113166	10081
113171	10082
113174	10083
113177	10084
113180	10085
113183	10086
113190	10087
113193	10088
113198	10089
113200	10090
113208	10091
113212	10092
113217	10093
113220	10094
113223	10095
113226	10096
113236	10097
113240	10098
113244	10099
113247	10100
113248	10101
113250	10102
113255	10103
113260	10104
113264	10105
113265	10106
113274	10107
113276	10108
113289	10109
113293	10110
113294	10111
113298	10112
113299	10113
113305	10114
113307	10115
113310	10116
113315	10117
113317	10118
113319	10119
113322	10120
113326	10121
113333	10122
113334	10123
113337	10124
113340	10125
113341	10126
113342	10127
113343	10128
113348	10129
113349	10130
113351	10131
113354	10132
113360	10133
113366	10134
113371	10135
113373	10136
113378	10137
113382	10138
113384	10139
113387	10140
113390	10141
113392	10142
113395	10143
113396	10144
113399	10145
113404	10146
113405	10147
113408	10148
113416	10149
113418	10150
113419	10151
113426	10152
113430	10153
113434	10154
113437	10155
113444	10156
113450	10157
113458	10158
113462	10159
113465	10160
113468	10161
113472	10162
113477	10163
113480	10164
113484	10165
113485	10166
113491	10167
113493	10168
113496	10169
113501	10170
113505	10171
113513	10172
113517	10173
113518	10174
113527	10175
113531	10176
113540	10177
113550	10178
113554	10179
113555	10180
113572	10181
113574	10182
113578	10183
113581	10184
113588	10185
113590	10186
113596	10187
113601	10188
113603	10189
113610	10190
113615	10191
113618	10192
113621	10193
113629	10194
113632	10195
113635	10196
113637	10197
113640	10198
113644	10199
113647	10200
113650	10201
113656	10202
113657	10203
113660	10204
113663	10205
113666	10206
113670	10207
113672	10208
113676	10209
113679	10210
113683	10211
113686	10212
113690	10213
113692	10214
113697	10215
113698	10216
113700	10217
113703	10218
113705	10219
113708	10220
113722	10221
113725	10222
113730	10223
113732	10224
113736	10225
113739	10226
113744	10227
113747	10228
113748	10229
113755	10230
113766	10231
113769	10232
113773	10233
113775	10234
113776	10235
113783	10236
113786	10237
113787	10238
113795	10239
113797	10240
113801	10241
113803	10242
113806	10243
113810	10244
113815	10245
113821	10246
113825	10247
113828	10248
113830	10249
113833	10250
113837	10251
113841	10252
113846	10253
113851	10254
113854	10255
113857	10256
113862	10257
113867	10258
113870	10259
113874	10260
113877	10261
113880	10262
113884	10263
113889	10264
113892	10265
113905	10266
113907	10267
113911	10268
113913	10269
113916	10270
113921	10271
113924	10272
113927	10273
113928	10274
113934	10275
113941	10276
113948	10277
113952	10278
113957	10279
113959	10280
113963	10281
113965	10282
113968	10283
113970	10284
113975	10285
113980	10286
113984	10287
113987	10288
113991	10289
113996	10290
113997	10291
114003	10292
114010	10293
114012	10294
114015	10295
114016	10296
114018	10297
114021	10298
114025	10299
114033	10300
114036	10301
114038	10302
114039	10303
114042	10304
114053	10305
114057	10306
114059	10307
114067	10308
114070	10309
114072	10310
114079	10311
114082	10312
114085	10313
114087	10314
114089	10315
114092	10316
114096	10317
114101	10318
114104	10319
114113	10320
114117	10321
114120	10322
114123	10323
114129	10324
114130	10325
114135	10326
114140	10327
114144	10328
114147	10329
114150	10330
114153	10331
114158	10332
114161	10333
114163	10334
114167	10335
114174	10336
114180	10337
114186	10338
114193	10339
114197	10340
114200	10341
114203	10342
114205	10343
114210	10344
114212	10345
114215	10346
114221	10347
114223	10348
114227	10349
114230	10350
114233	10351
114238	10352
114241	10353
114242	10354
114243	10355
114247	10356
114251	10357
114253	10358
114256	10359
114258	10360
114263	10361
114267	10362
114270	10363
114272	10364
114274	10365
114275	10366
114283	10367
114284	10368
114291	10369
114299	10370
114303	10371
114307	10372
114309	10373
114311	10374
114312	10375
114316	10376
114318	10377
114321	10378
114329	10379
114331	10380
114335	10381
114339	10382
114342	10383
114345	10384
114347	10385
114351	10386
114353	10387
114356	10388
114358	10389
114361	10390
114364	10391
114367	10392
114370	10393
114372	10394
114373	10395
114381	10396
114383	10397
114389	10398
114391	10399
114395	10400
114400	10401
114405	10402
114407	10403
114412	10404
114415	10405
114418	10406
114426	10407
114429	10408
114435	10409
114436	10410
114437	10411
114445	10412
114450	10413
114458	10414
114461	10415
114465	10416
114472	10417
114480	10418
114483	10419
114485	10420
114488	10421
114493	10422
114496	10423
114500	10424
114505	10425
114510	10426
114514	10427
114518	10428
114522	10429
114527	10430
114530	10431
114531	10432
114534	10433
114538	10434
114542	10435
114543	10436
114546	10437
114551	10438
114554	10439
114564	10440
114567	10441
114569	10442
114572	10443
114575	10444
114579	10445
114582	10446
114586	10447
114587	10448
114588	10449
114589	10450
114593	10451
114597	10452
114598	10453
114601	10454
114603	10455
114606	10456
114609	10457
114620	10458
114624	10459
114626	10460
114628	10461
114631	10462
114634	10463
114639	10464
114646	10465
114651	10466
114656	10467
114658	10468
114665	10469
114667	10470
114670	10471
114672	10472
114674	10473
114678	10474
114680	10475
114684	10476
114687	10477
114702	10478
114714	10479
114721	10480
114722	10481
114724	10482
114725	10483
114728	10484
114731	10485
114735	10486
114736	10487
114737	10488
114745	10489
114752	10490
114762	10491
114766	10492
114771	10493
114774	10494
114777	10495
114782	10496
114784	10497
114785	10498
114790	10499
114792	10500
114795	10501
114799	10502
114803	10503
114805	10504
114810	10505
114813	10506
114816	10507
114818	10508
114822	10509
114827	10510
114829	10511
114832	10512
114836	10513
114847	10514
114851	10515
114854	10516
114857	10517
114873	10518
114879	10519
114889	10520
114892	10521
114895	10522
114899	10523
114900	10524
114905	10525
114907	10526
114908	10527
114911	10528
114913	10529
114917	10530
114920	10531
114924	10532
114928	10533
114939	10534
114942	10535
114944	10536
114954	10537
114958	10538
114960	10539
114963	10540
114965	10541
114968	10542
114970	10543
114973	10544
114976	10545
114979	10546
114984	10547
114989	10548
114992	10549
114997	10550
115002	10551
115004	10552
115012	10553
115013	10554
115017	10555
115019	10556
115028	10557
115034	10558
115036	10559
115038	10560
115041	10561
115044	10562
115046	10563
115050	10564
115054	10565
115059	10566
115066	10567
115070	10568
115074	10569
115075	10570
115083	10571
115085	10572
115097	10573
115099	10574
115108	10575
115113	10576
115115	10577
115116	10578
115120	10579
115123	10580
115124	10581
115130	10582
115134	10583
115138	10584
115142	10585
115145	10586
115147	10587
115150	10588
115154	10589
115157	10590
115161	10591
115167	10592
115170	10593
115171	10594
115173	10595
115174	10596
115185	10597
115189	10598
115192	10599
115193	10600
115196	10601
115200	10602
115203	10603
115209	10604
115211	10605
115216	10606
115218	10607
115221	10608
115226	10609
115229	10610
115234	10611
115237	10612
115241	10613
115247	10614
115252	10615
115257	10616
115264	10617
115267	10618
115271	10619
115276	10620
115279	10621
115283	10622
115287	10623
115293	10624
115294	10625
115300	10626
115304	10627
115306	10628
115310	10629
115312	10630
115320	10631
115330	10632
115335	10633
115336	10634
115340	10635
115343	10636
115348	10637
115351	10638
115360	10639
115363	10640
115366	10641
115369	10642
115371	10643
115374	10644
115379	10645
115383	10646
115388	10647
115391	10648
115393	10649
115397	10650
115398	10651
115400	10652
115402	10653
115405	10654
115413	10655
115418	10656
115422	10657
115424	10658
115429	10659
115432	10660
115437	10661
115444	10662
115450	10663
115452	10664
115457	10665
115464	10666
115472	10667
115476	10668
115482	10669
115487	10670
115495	10671
115496	10672
115499	10673
115502	10674
115508	10675
115510	10676
115513	10677
115517	10678
115523	10679
115529	10680
115534	10681
115537	10682
115541	10683
115546	10684
115549	10685
115552	10686
115556	10687
115558	10688
115560	10689
115564	10690
115567	10691
115570	10692
115572	10693
115574	10694
115577	10695
115584	10696
115588	10697
115591	10698
115593	10699
115598	10700
115600	10701
115605	10702
115613	10703
115616	10704
115622	10705
115628	10706
115632	10707
115634	10708
115645	10709
115649	10710
115650	10711
115654	10712
115660	10713
115664	10714
115666	10715
115668	10716
115671	10717
115673	10718
115676	10719
115678	10720
115683	10721
115687	10722
115696	10723
115702	10724
115705	10725
115706	10726
115708	10727
115711	10728
115717	10729
115720	10730
115724	10731
115728	10732
115733	10733
115737	10734
115743	10735
115746	10736
115747	10737
115752	10738
115755	10739
115756	10740
115758	10741
115760	10742
115761	10743
115763	10744
115765	10745
115768	10746
115774	10747
115777	10748
115782	10749
115783	10750
115789	10751
115793	10752
115796	10753
115798	10754
115801	10755
115802	10756
115808	10757
115810	10758
115814	10759
115819	10760
115821	10761
115823	10762
115826	10763
115831	10764
115835	10765
115841	10766
115848	10767
115851	10768
115859	10769
115861	10770
115863	10771
115867	10772
115871	10773
115873	10774
115881	10775
115885	10776
115887	10777
115896	10778
115898	10779
115901	10780
115904	10781
115911	10782
115916	10783
115921	10784
115925	10785
115926	10786
115927	10787
115928	10788
115931	10789
115934	10790
115936	10791
115937	10792
115939	10793
115940	10794
115942	10795
115945	10796
115947	10797
115952	10798
115955	10799
115957	10800
115963	10801
115968	10802
115976	10803
115978	10804
115982	10805
115983	10806
115986	10807
115990	10808
115994	10809
115997	10810
116000	10811
116002	10812
116009	10813
116012	10814
116018	10815
116021	10816
116025	10817
116028	10818
116030	10819
116032	10820
116033	10821
116042	10822
116049	10823
116050	10824
116053	10825
116056	10826
116059	10827
116064	10828
116073	10829
116079	10830
116082	10831
116085	10832
116089	10833
116093	10834
116096	10835
116097	10836
116100	10837
116102	10838
116117	10839
116119	10840
116124	10841
116127	10842
116132	10843
116134	10844
116135	10845
116138	10846
116145	10847
116148	10848
116151	10849
116158	10850
116159	10851
116162	10852
116168	10853
116171	10854
116173	10855
116176	10856
116183	10857
116186	10858
116189	10859
116196	10860
116199	10861
116201	10862
116208	10863
116211	10864
116213	10865
116218	10866
116219	10867
116230	10868
116233	10869
116234	10870
116237	10871
116256	10872
116258	10873
116264	10874
116266	10875
116270	10876
116272	10877
116281	10878
116284	10879
116287	10880
116288	10881
116295	10882
116300	10883
116302	10884
116308	10885
116310	10886
116314	10887
116318	10888
116322	10889
116324	10890
116328	10891
116330	10892
116336	10893
116337	10894
116341	10895
116346	10896
116349	10897
116352	10898
116355	10899
116360	10900
116364	10901
116367	10902
116371	10903
116378	10904
116380	10905
116385	10906
116387	10907
116389	10908
116392	10909
116395	10910
116401	10911
116405	10912
116412	10913
116419	10914
116425	10915
116426	10916
116431	10917
116438	10918
116443	10919
116447	10920
116449	10921
116450	10922
116457	10923
116460	10924
116462	10925
116466	10926
116468	10927
116471	10928
116473	10929
116481	10930
116483	10931
116488	10932
116497	10933
116498	10934
116508	10935
116513	10936
116515	10937
116519	10938
116525	10939
116529	10940
116532	10941
116534	10942
116537	10943
116541	10944
116545	10945
116551	10946
116554	10947
116560	10948
116567	10949
116574	10950
116576	10951
116579	10952
116582	10953
116583	10954
116585	10955
116587	10956
116593	10957
116594	10958
116597	10959
116605	10960
116609	10961
116610	10962
116618	10963
116620	10964
116623	10965
116626	10966
116630	10967
116633	10968
116637	10969
116640	10970
116641	10971
116646	10972
116653	10973
116656	10974
116659	10975
116662	10976
116665	10977
116668	10978
116669	10979
116675	10980
116680	10981
116683	10982
116687	10983
116691	10984
116693	10985
116696	10986
116703	10987
116706	10988
116709	10989
116712	10990
116716	10991
116718	10992
116721	10993
116724	10994
116732	10995
116733	10996
116738	10997
116744	10998
116747	10999
116752	11000
116755	11001
116758	11002
116761	11003
116762	11004
116765	11005
116766	11006
116770	11007
116773	11008
116777	11009
116778	11010
116782	11011
116783	11012
116784	11013
116786	11014
116790	11015
116791	11016
116796	11017
116798	11018
116801	11019
116805	11020
116807	11021
116817	11022
116821	11023
116826	11024
116830	11025
116833	11026
116838	11027
116843	11028
116845	11029
116849	11030
116851	11031
116853	11032
116856	11033
116861	11034
116865	11035
116868	11036
116871	11037
116876	11038
116878	11039
116881	11040
116883	11041
116886	11042
116896	11043
116901	11044
116902	11045
116908	11046
116910	11047
116912	11048
116919	11049
116926	11050
116927	11051
116932	11052
116933	11053
116943	11054
116946	11055
116949	11056
116951	11057
116953	11058
116958	11059
116963	11060
116967	11061
116971	11062
116975	11063
116980	11064
116981	11065
116989	11066
116995	11067
116997	11068
117003	11069
117008	11070
117011	11071
117015	11072
117019	11073
117026	11074
117032	11075
117046	11076
117048	11077
117051	11078
117053	11079
117058	11080
117061	11081
117066	11082
117073	11083
117079	11084
117083	11085
117092	11086
117094	11087
117097	11088
117098	11089
117100	11090
117103	11091
117106	11092
117109	11093
117118	11094
117121	11095
117123	11096
117126	11097
117129	11098
117131	11099
117134	11100
117138	11101
117140	11102
117144	11103
117146	11104
117149	11105
117152	11106
117157	11107
117161	11108
117164	11109
117170	11110
117172	11111
117175	11112
117177	11113
117180	11114
117186	11115
117189	11116
117194	11117
117195	11118
117198	11119
117201	11120
117206	11121
117207	11122
117209	11123
117213	11124
117216	11125
117219	11126
117224	11127
117228	11128
117235	11129
117238	11130
117246	11131
117247	11132
117252	11133
117260	11134
117265	11135
117268	11136
117272	11137
117277	11138
117282	11139
117284	11140
117287	11141
117292	11142
117300	11143
117305	11144
117308	11145
117310	11146
117318	11147
117321	11148
117322	11149
117323	11150
117330	11151
117332	11152
117333	11153
117336	11154
117339	11155
117346	11156
117351	11157
117352	11158
117353	11159
117354	11160
117363	11161
117365	11162
117369	11163
117371	11164
117377	11165
117381	11166
117386	11167
117388	11168
117391	11169
117393	11170
117398	11171
117401	11172
117404	11173
117408	11174
117411	11175
117421	11176
117424	11177
117427	11178
117430	11179
117434	11180
117439	11181
117448	11182
117451	11183
117453	11184
117456	11185
117461	11186
117463	11187
117464	11188
117465	11189
117471	11190
117474	11191
117476	11192
117480	11193
117488	11194
117491	11195
117495	11196
117504	11197
117510	11198
117513	11199
117517	11200
117518	11201
117520	11202
117524	11203
117530	11204
117534	11205
117537	11206
117541	11207
117544	11208
117545	11209
117547	11210
117551	11211
117557	11212
117559	11213
117564	11214
117566	11215
117571	11216
117578	11217
117581	11218
117583	11219
117586	11220
117589	11221
117590	11222
117591	11223
117601	11224
117605	11225
117609	11226
117611	11227
117614	11228
117617	11229
117620	11230
117624	11231
117630	11232
117634	11233
117637	11234
117640	11235
117645	11236
117648	11237
117651	11238
117657	11239
117661	11240
117664	11241
117667	11242
117671	11243
117674	11244
117679	11245
117682	11246
117685	11247
117689	11248
117694	11249
117699	11250
117703	11251
117706	11252
117710	11253
117713	11254
117716	11255
117720	11256
117723	11257
117729	11258
117737	11259
117739	11260
117740	11261
117744	11262
117746	11263
117749	11264
117751	11265
117753	11266
117760	11267
117762	11268
117766	11269
117770	11270
117773	11271
117776	11272
117780	11273
117783	11274
117789	11275
117802	11276
117810	11277
117814	11278
117817	11279
117820	11280
117824	11281
117827	11282
117832	11283
117836	11284
117840	11285
117844	11286
117849	11287
117854	11288
117857	11289
117861	11290
117869	11291
117873	11292
117875	11293
117881	11294
117883	11295
117887	11296
117891	11297
117895	11298
117897	11299
117899	11300
117905	11301
117906	11302
117907	11303
117911	11304
117913	11305
117914	11306
117924	11307
117927	11308
117929	11309
117934	11310
117938	11311
117941	11312
117944	11313
117950	11314
117954	11315
117958	11316
117961	11317
117965	11318
117966	11319
117969	11320
117972	11321
117974	11322
117977	11323
117979	11324
117981	11325
117985	11326
117991	11327
117998	11328
118000	11329
118005	11330
118016	11331
118024	11332
118027	11333
118031	11334
118039	11335
118041	11336
118045	11337
118052	11338
118057	11339
118059	11340
118061	11341
118064	11342
118066	11343
118073	11344
118077	11345
118082	11346
118083	11347
118087	11348
118090	11349
118093	11350
118098	11351
118109	11352
118113	11353
118116	11354
118119	11355
118123	11356
118124	11357
118126	11358
118131	11359
118152	11360
118162	11361
118164	11362
118166	11363
118168	11364
118176	11365
118178	11366
118180	11367
118183	11368
118187	11369
118193	11370
118195	11371
118199	11372
118201	11373
118206	11374
118209	11375
118212	11376
118213	11377
118215	11378
118219	11379
118223	11380
118230	11381
118234	11382
118242	11383
118248	11384
118258	11385
118263	11386
118267	11387
118276	11388
118277	11389
118281	11390
118287	11391
118289	11392
118292	11393
118295	11394
118298	11395
118303	11396
118308	11397
118311	11398
118314	11399
118321	11400
118327	11401
118331	11402
118334	11403
118338	11404
118341	11405
118345	11406
118347	11407
118351	11408
118354	11409
118360	11410
118365	11411
118369	11412
118376	11413
118378	11414
118385	11415
118389	11416
118401	11417
118406	11418
118408	11419
118411	11420
118418	11421
118423	11422
118427	11423
118428	11424
118431	11425
118434	11426
118437	11427
118439	11428
118441	11429
118443	11430
118445	11431
118449	11432
118454	11433
118458	11434
118460	11435
118464	11436
118467	11437
118476	11438
118481	11439
118482	11440
118485	11441
118487	11442
118494	11443
118497	11444
118499	11445
118506	11446
118508	11447
118511	11448
118514	11449
118515	11450
118523	11451
118524	11452
118525	11453
118528	11454
118530	11455
118532	11456
118535	11457
118542	11458
118543	11459
118545	11460
118548	11461
118555	11462
118558	11463
118567	11464
118571	11465
118575	11466
118578	11467
118580	11468
118584	11469
118587	11470
118590	11471
118595	11472
118598	11473
118600	11474
118603	11475
118604	11476
118605	11477
118614	11478
118617	11479
118618	11480
118621	11481
118624	11482
118628	11483
118630	11484
118634	11485
118637	11486
118639	11487
118642	11488
118644	11489
118645	11490
118647	11491
118649	11492
118650	11493
118653	11494
118655	11495
118660	11496
118666	11497
118669	11498
118675	11499
118676	11500
118683	11501
118685	11502
118695	11503
118698	11504
118701	11505
118707	11506
118708	11507
118709	11508
118711	11509
118714	11510
118721	11511
118724	11512
118727	11513
118731	11514
118733	11515
118734	11516
118738	11517
118742	11518
118744	11519
118748	11520
118752	11521
118761	11522
118766	11523
118779	11524
118782	11525
118783	11526
118788	11527
118791	11528
118794	11529
118797	11530
118802	11531
118803	11532
118805	11533
118808	11534
118815	11535
118821	11536
118833	11537
118836	11538
118841	11539
118844	11540
118846	11541
118854	11542
118859	11543
118862	11544
118866	11545
118869	11546
118873	11547
118878	11548
118880	11549
118883	11550
118885	11551
118889	11552
118891	11553
118894	11554
118896	11555
118899	11556
118902	11557
118903	11558
118904	11559
118908	11560
118915	11561
118918	11562
118922	11563
118924	11564
118927	11565
118930	11566
118933	11567
118935	11568
118938	11569
118941	11570
118946	11571
118951	11572
118955	11573
118959	11574
118962	11575
118966	11576
118971	11577
118980	11578
118984	11579
118987	11580
118991	11581
118997	11582
119001	11583
119007	11584
119009	11585
119013	11586
119017	11587
119019	11588
119023	11589
119030	11590
119033	11591
119037	11592
119038	11593
119040	11594
119043	11595
119046	11596
119057	11597
119061	11598
119065	11599
119068	11600
119074	11601
119079	11602
119082	11603
119086	11604
119088	11605
119092	11606
119093	11607
119096	11608
119102	11609
119108	11610
119113	11611
119115	11612
119117	11613
119122	11614
119125	11615
119127	11616
119132	11617
119134	11618
119138	11619
119144	11620
119146	11621
119151	11622
119155	11623
119159	11624
119166	11625
119169	11626
119175	11627
119180	11628
119183	11629
119188	11630
119189	11631
119193	11632
119197	11633
119201	11634
119205	11635
119207	11636
119209	11637
119216	11638
119218	11639
119223	11640
119225	11641
119228	11642
119231	11643
119234	11644
119237	11645
119239	11646
119242	11647
119244	11648
119247	11649
119251	11650
119253	11651
119254	11652
119258	11653
119262	11654
119266	11655
119270	11656
119273	11657
119279	11658
119281	11659
119282	11660
119285	11661
119290	11662
119292	11663
119295	11664
119299	11665
119304	11666
119306	11667
119309	11668
119312	11669
119314	11670
119315	11671
119318	11672
119319	11673
119321	11674
119323	11675
119326	11676
119329	11677
119334	11678
119342	11679
119344	11680
119347	11681
119350	11682
119359	11683
119364	11684
119366	11685
119369	11686
119374	11687
119377	11688
119379	11689
119385	11690
119386	11691
119388	11692
119396	11693
119401	11694
119407	11695
119410	11696
119413	11697
119416	11698
119419	11699
119422	11700
119424	11701
119428	11702
119429	11703
119432	11704
119434	11705
119435	11706
119437	11707
119440	11708
119443	11709
119444	11710
119451	11711
119454	11712
119457	11713
119463	11714
119464	11715
119465	11716
119468	11717
119472	11718
119476	11719
119501	11720
119504	11721
119507	11722
119513	11723
119515	11724
119517	11725
119521	11726
119526	11727
119528	11728
119534	11729
119537	11730
119545	11731
119548	11732
119551	11733
119555	11734
119558	11735
119560	11736
119563	11737
119567	11738
119570	11739
119576	11740
119583	11741
119590	11742
119603	11743
119605	11744
119613	11745
119623	11746
119624	11747
119630	11748
119632	11749
119635	11750
119636	11751
119642	11752
119647	11753
119654	11754
119659	11755
119664	11756
119667	11757
119670	11758
119675	11759
119681	11760
119683	11761
119689	11762
119694	11763
119696	11764
119698	11765
119701	11766
119703	11767
119707	11768
119709	11769
119711	11770
119715	11771
119718	11772
119721	11773
119725	11774
119727	11775
119728	11776
119736	11777
119741	11778
119745	11779
119747	11780
119752	11781
119756	11782
119760	11783
119761	11784
119762	11785
119766	11786
119770	11787
119774	11788
119777	11789
119778	11790
119781	11791
119786	11792
119787	11793
119788	11794
119791	11795
119794	11796
119799	11797
119800	11798
119803	11799
119806	11800
119808	11801
119811	11802
119816	11803
119818	11804
119825	11805
119848	11806
119853	11807
119859	11808
119864	11809
119866	11810
119867	11811
119870	11812
119876	11813
119878	11814
119879	11815
119880	11816
119884	11817
119886	11818
119889	11819
119901	11820
119904	11821
119908	11822
119910	11823
119920	11824
119927	11825
119931	11826
119933	11827
119934	11828
119938	11829
119942	11830
119944	11831
119948	11832
119954	11833
119956	11834
119960	11835
119963	11836
119966	11837
119968	11838
119972	11839
119976	11840
119980	11841
119988	11842
119991	11843
119997	11844
120002	11845
120008	11846
120010	11847
120013	11848
120019	11849
120023	11850
120029	11851
120034	11852
120038	11853
120041	11854
120046	11855
120049	11856
120053	11857
120059	11858
120062	11859
120070	11860
120073	11861
120076	11862
120078	11863
120083	11864
120086	11865
120088	11866
120093	11867
120099	11868
120100	11869
120102	11870
120113	11871
120116	11872
120119	11873
120123	11874
120127	11875
120129	11876
120136	11877
120138	11878
120143	11879
120150	11880
120155	11881
120159	11882
120161	11883
120165	11884
120169	11885
120173	11886
120176	11887
120178	11888
120180	11889
120182	11890
120190	11891
120191	11892
120196	11893
120199	11894
120202	11895
120205	11896
120207	11897
120210	11898
120213	11899
120215	11900
120220	11901
120222	11902
120232	11903
120235	11904
120239	11905
120246	11906
120253	11907
120256	11908
120259	11909
120263	11910
120272	11911
120276	11912
120279	11913
120287	11914
120289	11915
120291	11916
120296	11917
120303	11918
120306	11919
120312	11920
120322	11921
120326	11922
120329	11923
120333	11924
120340	11925
120346	11926
120351	11927
120354	11928
120364	11929
120366	11930
120372	11931
120374	11932
120376	11933
120383	11934
120388	11935
120391	11936
120393	11937
120395	11938
120403	11939
120406	11940
120410	11941
120415	11942
120422	11943
120423	11944
120432	11945
120435	11946
120441	11947
120444	11948
120449	11949
120453	11950
120456	11951
120460	11952
120461	11953
120466	11954
120469	11955
120473	11956
120476	11957
120479	11958
120482	11959
120487	11960
120495	11961
120496	11962
120498	11963
120505	11964
120509	11965
120513	11966
120515	11967
120518	11968
120524	11969
120526	11970
120530	11971
120534	11972
120536	11973
120539	11974
120541	11975
120544	11976
120545	11977
120556	11978
120560	11979
120563	11980
120568	11981
120572	11982
120582	11983
120586	11984
120590	11985
120593	11986
120605	11987
120609	11988
120610	11989
120612	11990
120618	11991
120622	11992
120625	11993
120628	11994
120633	11995
120634	11996
120636	11997
120638	11998
120642	11999
120646	12000
120648	12001
120649	12002
120651	12003
120658	12004
120660	12005
120663	12006
120672	12007
120678	12008
120684	12009
120686	12010
120695	12011
120698	12012
120701	12013
120703	12014
120707	12015
120715	12016
120718	12017
120720	12018
120723	12019
120728	12020
120738	12021
120741	12022
120744	12023
120749	12024
120754	12025
120755	12026
120758	12027
120762	12028
120765	12029
120771	12030
120778	12031
120780	12032
120785	12033
120791	12034
120794	12035
120797	12036
120800	12037
120805	12038
120808	12039
120814	12040
120816	12041
120818	12042
120820	12043
120823	12044
120828	12045
120830	12046
120831	12047
120833	12048
120836	12049
120841	12050
120844	12051
120849	12052
120852	12053
120854	12054
120857	12055
120860	12056
120863	12057
120866	12058
120869	12059
120870	12060
120872	12061
120875	12062
120876	12063
120880	12064
120884	12065
120900	12066
120903	12067
120907	12068
120909	12069
120912	12070
120917	12071
120926	12072
120927	12073
120929	12074
120931	12075
120934	12076
120937	12077
120939	12078
120943	12079
120945	12080
120949	12081
120952	12082
120955	12083
120957	12084
120960	12085
120963	12086
120965	12087
120967	12088
120969	12089
120972	12090
120976	12091
120978	12092
120980	12093
120985	12094
120987	12095
120991	12096
120994	12097
120996	12098
120998	12099
121002	12100
121005	12101
121007	12102
121014	12103
121018	12104
121023	12105
121026	12106
121029	12107
121034	12108
121039	12109
121042	12110
121047	12111
121050	12112
121059	12113
121060	12114
121068	12115
121074	12116
121079	12117
121091	12118
121093	12119
121095	12120
121099	12121
121104	12122
121109	12123
121112	12124
121115	12125
121117	12126
121125	12127
121127	12128
121131	12129
121134	12130
121143	12131
121148	12132
121150	12133
121152	12134
121154	12135
121160	12136
121162	12137
121166	12138
121171	12139
121175	12140
121177	12141
121180	12142
121187	12143
121193	12144
121195	12145
121196	12146
121198	12147
121201	12148
121204	12149
121208	12150
121214	12151
121219	12152
121224	12153
121228	12154
121230	12155
121235	12156
121236	12157
121240	12158
121244	12159
121246	12160
121248	12161
121254	12162
121257	12163
121260	12164
121262	12165
121267	12166
121269	12167
121274	12168
121277	12169
121278	12170
121286	12171
121291	12172
121294	12173
121301	12174
121304	12175
121305	12176
121310	12177
121316	12178
121323	12179
121325	12180
121328	12181
121330	12182
121334	12183
121338	12184
121340	12185
121341	12186
121342	12187
121344	12188
121347	12189
121355	12190
121357	12191
121359	12192
121363	12193
121368	12194
121373	12195
121376	12196
121380	12197
121385	12198
121391	12199
121393	12200
121396	12201
121399	12202
121402	12203
121404	12204
121406	12205
121411	12206
121414	12207
121419	12208
121420	12209
121423	12210
121428	12211
121431	12212
121436	12213
121437	12214
121439	12215
121441	12216
121444	12217
121448	12218
121452	12219
121455	12220
121459	12221
121461	12222
121466	12223
121471	12224
121474	12225
121480	12226
121483	12227
121490	12228
121498	12229
121503	12230
121509	12231
121516	12232
121519	12233
121522	12234
121526	12235
121527	12236
121530	12237
121534	12238
121537	12239
121540	12240
121545	12241
121549	12242
121552	12243
121553	12244
121558	12245
121561	12246
121564	12247
121569	12248
121572	12249
121574	12250
121582	12251
121586	12252
121592	12253
121595	12254
121597	12255
121603	12256
121607	12257
121610	12258
121613	12259
121615	12260
121622	12261
121625	12262
121627	12263
121629	12264
121631	12265
121633	12266
121641	12267
121642	12268
121645	12269
121649	12270
121653	12271
121657	12272
121666	12273
121675	12274
121676	12275
121679	12276
121682	12277
121684	12278
121697	12279
121706	12280
121714	12281
121723	12282
121734	12283
121737	12284
121739	12285
121746	12286
121749	12287
121751	12288
121755	12289
121760	12290
121762	12291
121765	12292
121767	12293
121773	12294
121779	12295
121784	12296
121787	12297
121790	12298
121793	12299
121800	12300
121802	12301
121804	12302
121807	12303
121809	12304
121811	12305
121812	12306
121816	12307
121823	12308
121832	12309
121836	12310
121840	12311
121844	12312
121847	12313
121850	12314
121853	12315
121858	12316
121859	12317
121863	12318
121865	12319
121868	12320
121871	12321
121875	12322
121881	12323
121883	12324
121887	12325
121892	12326
121893	12327
121896	12328
121899	12329
121906	12330
121915	12331
121920	12332
121925	12333
121930	12334
121932	12335
121934	12336
121937	12337
121943	12338
121952	12339
121962	12340
121970	12341
121978	12342
121988	12343
121991	12344
121994	12345
121997	12346
122000	12347
122015	12348
122019	12349
122022	12350
122025	12351
122029	12352
122031	12353
122036	12354
122040	12355
122045	12356
122056	12357
122059	12358
122063	12359
122065	12360
122067	12361
122069	12362
122075	12363
122078	12364
122081	12365
122086	12366
122092	12367
122096	12368
122102	12369
122107	12370
122111	12371
122114	12372
122116	12373
122118	12374
122120	12375
122122	12376
122126	12377
122132	12378
122134	12379
122138	12380
122140	12381
122142	12382
122145	12383
122147	12384
122151	12385
122152	12386
122157	12387
122159	12388
122168	12389
122171	12390
122173	12391
122176	12392
122182	12393
122187	12394
122192	12395
122197	12396
122201	12397
122203	12398
122205	12399
122212	12400
122217	12401
122220	12402
122223	12403
122226	12404
122227	12405
122229	12406
122232	12407
122239	12408
122244	12409
122247	12410
122251	12411
122254	12412
122257	12413
122259	12414
122261	12415
122271	12416
122273	12417
122282	12418
122285	12419
122289	12420
122293	12421
122296	12422
122299	12423
122308	12424
122311	12425
122314	12426
122317	12427
122324	12428
122327	12429
122331	12430
122333	12431
122336	12432
122342	12433
122345	12434
122350	12435
122356	12436
122362	12437
122372	12438
122380	12439
122383	12440
122385	12441
122390	12442
122394	12443
122396	12444
122397	12445
122402	12446
122405	12447
122406	12448
122420	12449
122423	12450
122428	12451
122430	12452
122433	12453
122435	12454
122436	12455
122442	12456
122445	12457
122447	12458
122450	12459
122452	12460
122454	12461
122457	12462
122462	12463
122464	12464
122467	12465
122468	12466
122470	12467
122473	12468
122481	12469
122483	12470
122487	12471
122497	12472
122500	12473
122505	12474
122522	12475
122527	12476
122548	12477
122550	12478
122554	12479
122558	12480
122562	12481
122574	12482
122585	12483
122587	12484
122594	12485
122599	12486
122609	12487
122619	12488
122621	12489
122624	12490
122631	12491
122634	12492
122639	12493
122641	12494
122644	12495
122646	12496
122649	12497
122654	12498
122657	12499
122661	12500
122665	12501
122668	12502
122670	12503
122674	12504
122675	12505
122681	12506
122687	12507
122693	12508
122702	12509
122706	12510
122707	12511
122712	12512
122715	12513
122717	12514
122720	12515
122724	12516
122729	12517
122734	12518
122736	12519
122746	12520
122748	12521
122752	12522
122755	12523
122759	12524
122762	12525
122765	12526
122774	12527
122778	12528
122782	12529
122793	12530
122794	12531
122798	12532
122801	12533
122806	12534
122808	12535
122812	12536
122814	12537
122817	12538
122818	12539
122821	12540
122822	12541
122827	12542
122840	12543
122844	12544
122847	12545
122850	12546
122852	12547
122856	12548
122864	12549
122867	12550
122871	12551
122872	12552
122875	12553
122879	12554
122884	12555
122892	12556
122899	12557
122901	12558
122907	12559
122912	12560
122914	12561
122918	12562
122922	12563
122924	12564
122925	12565
122931	12566
122934	12567
122939	12568
122944	12569
122945	12570
122946	12571
122952	12572
122955	12573
122960	12574
122967	12575
122973	12576
122976	12577
122981	12578
122983	12579
122990	12580
122996	12581
122999	12582
123003	12583
123006	12584
123010	12585
123014	12586
123020	12587
123023	12588
123025	12589
123027	12590
123032	12591
123037	12592
123042	12593
123043	12594
123045	12595
123049	12596
123056	12597
123059	12598
123060	12599
123062	12600
123068	12601
123073	12602
123075	12603
123080	12604
123084	12605
123089	12606
123095	12607
123097	12608
123104	12609
123105	12610
123108	12611
123111	12612
123115	12613
123124	12614
123128	12615
123137	12616
123141	12617
123145	12618
123149	12619
123152	12620
123159	12621
123165	12622
123168	12623
123181	12624
123186	12625
123192	12626
123198	12627
123201	12628
123203	12629
123206	12630
123208	12631
123215	12632
123221	12633
123222	12634
123239	12635
123244	12636
123248	12637
123250	12638
123252	12639
123254	12640
123257	12641
123261	12642
123265	12643
123268	12644
123272	12645
123273	12646
123277	12647
123280	12648
123283	12649
123296	12650
123300	12651
123303	12652
123306	12653
123311	12654
123319	12655
123322	12656
123325	12657
123328	12658
123332	12659
123334	12660
123336	12661
123342	12662
123344	12663
123350	12664
123357	12665
123366	12666
123370	12667
123373	12668
123376	12669
123378	12670
123385	12671
123394	12672
123398	12673
123399	12674
123401	12675
123403	12676
123405	12677
123411	12678
123415	12679
123419	12680
123422	12681
123426	12682
123431	12683
123435	12684
123439	12685
123442	12686
123447	12687
123448	12688
123449	12689
123450	12690
123453	12691
123457	12692
123461	12693
123464	12694
123472	12695
123475	12696
123478	12697
123480	12698
123481	12699
123482	12700
123484	12701
123487	12702
123488	12703
123496	12704
123501	12705
123508	12706
123515	12707
123520	12708
123522	12709
123523	12710
123528	12711
123530	12712
123532	12713
123534	12714
123540	12715
123554	12716
123563	12717
123570	12718
123578	12719
123580	12720
123587	12721
123590	12722
123593	12723
123596	12724
123605	12725
123607	12726
123610	12727
123613	12728
123616	12729
123617	12730
123625	12731
123627	12732
123633	12733
123636	12734
123641	12735
123644	12736
123646	12737
123648	12738
123654	12739
123657	12740
123659	12741
123661	12742
123665	12743
123668	12744
123670	12745
123672	12746
123675	12747
123678	12748
123682	12749
123690	12750
123694	12751
123695	12752
123696	12753
123700	12754
123702	12755
123708	12756
123709	12757
123711	12758
123716	12759
123721	12760
123725	12761
123726	12762
123730	12763
123736	12764
123738	12765
123740	12766
123745	12767
123749	12768
123756	12769
123759	12770
123766	12771
123770	12772
123775	12773
123779	12774
123782	12775
123786	12776
123794	12777
123798	12778
123801	12779
123807	12780
123811	12781
123816	12782
123822	12783
123826	12784
123828	12785
123831	12786
123833	12787
123837	12788
123844	12789
123846	12790
123849	12791
123855	12792
123860	12793
123862	12794
123865	12795
123868	12796
123870	12797
123874	12798
123876	12799
123878	12800
123881	12801
123886	12802
123890	12803
123893	12804
123895	12805
123897	12806
123902	12807
123905	12808
123907	12809
123910	12810
123916	12811
123927	12812
123930	12813
123938	12814
123944	12815
123949	12816
123957	12817
123963	12818
123970	12819
123974	12820
123978	12821
123989	12822
123993	12823
123998	12824
124002	12825
124005	12826
124009	12827
124013	12828
124017	12829
124022	12830
124041	12831
124043	12832
124046	12833
124048	12834
124051	12835
124054	12836
124057	12837
124060	12838
124063	12839
124069	12840
124082	12841
124085	12842
124089	12843
124092	12844
124101	12845
124105	12846
124109	12847
124121	12848
124127	12849
124130	12850
124132	12851
124138	12852
124145	12853
124150	12854
124153	12855
124155	12856
124158	12857
124160	12858
124165	12859
124171	12860
124175	12861
124177	12862
124183	12863
124186	12864
124190	12865
124196	12866
124198	12867
124202	12868
124206	12869
124212	12870
124219	12871
124220	12872
124221	12873
124226	12874
124231	12875
124233	12876
124239	12877
124240	12878
124244	12879
124247	12880
124250	12881
124255	12882
124261	12883
124264	12884
124268	12885
124275	12886
124276	12887
124283	12888
124286	12889
124292	12890
124301	12891
124302	12892
124304	12893
124308	12894
124312	12895
124317	12896
124329	12897
124335	12898
124336	12899
124350	12900
124356	12901
124359	12902
124370	12903
124374	12904
124377	12905
124378	12906
124382	12907
124386	12908
124392	12909
124396	12910
124400	12911
124403	12912
124404	12913
124409	12914
124411	12915
124415	12916
124430	12917
124441	12918
124446	12919
124448	12920
124457	12921
124464	12922
124473	12923
124476	12924
124485	12925
124487	12926
124490	12927
124492	12928
124496	12929
124499	12930
124505	12931
124507	12932
124512	12933
124516	12934
124520	12935
124525	12936
124528	12937
124531	12938
124534	12939
124540	12940
124542	12941
124546	12942
124549	12943
124552	12944
124555	12945
124561	12946
124567	12947
124570	12948
124577	12949
124586	12950
124591	12951
124599	12952
124604	12953
124608	12954
124609	12955
124612	12956
124614	12957
124619	12958
124625	12959
124641	12960
124644	12961
124647	12962
124653	12963
124655	12964
124659	12965
124662	12966
124664	12967
124674	12968
124686	12969
124690	12970
124694	12971
124702	12972
124705	12973
124706	12974
124716	12975
124721	12976
124724	12977
124727	12978
124733	12979
124737	12980
124739	12981
124745	12982
124751	12983
124754	12984
124756	12985
124759	12986
124771	12987
124776	12988
124785	12989
124788	12990
124790	12991
124794	12992
124799	12993
124805	12994
124811	12995
124814	12996
124820	12997
124823	12998
124824	12999
124826	13000
124830	13001
124834	13002
124836	13003
124840	13004
124842	13005
124845	13006
124849	13007
124854	13008
124858	13009
124868	13010
124870	13011
124871	13012
124876	13013
124880	13014
124887	13015
124890	13016
124892	13017
124897	13018
124900	13019
124906	13020
124912	13021
124925	13022
124930	13023
124937	13024
124945	13025
124952	13026
124955	13027
124959	13028
124964	13029
124967	13030
124968	13031
124973	13032
124974	13033
124977	13034
124981	13035
124984	13036
124992	13037
124993	13038
124994	13039
124997	13040
125000	13041
125006	13042
125011	13043
125014	13044
125020	13045
125024	13046
125026	13047
125030	13048
125032	13049
125035	13050
125039	13051
125046	13052
125048	13053
125050	13054
125055	13055
125058	13056
125065	13057
125068	13058
125073	13059
125075	13060
125077	13061
125089	13062
125093	13063
125100	13064
125108	13065
125114	13066
125118	13067
125123	13068
125126	13069
125131	13070
125136	13071
125140	13072
125147	13073
125150	13074
125156	13075
125157	13076
125162	13077
125165	13078
125168	13079
125171	13080
125176	13081
125179	13082
125184	13083
125190	13084
125194	13085
125196	13086
125198	13087
125202	13088
125206	13089
125207	13090
125209	13091
125214	13092
125219	13093
125230	13094
125233	13095
125238	13096
125241	13097
125245	13098
125253	13099
125256	13100
125260	13101
125263	13102
125267	13103
125272	13104
125277	13105
125282	13106
125290	13107
125295	13108
125297	13109
125299	13110
125306	13111
125309	13112
125313	13113
125318	13114
125323	13115
125328	13116
125331	13117
125335	13118
125338	13119
125342	13120
125344	13121
125350	13122
125352	13123
125353	13124
125358	13125
125360	13126
125361	13127
125362	13128
125370	13129
125374	13130
125379	13131
125380	13132
125383	13133
125387	13134
125390	13135
125396	13136
125402	13137
125407	13138
125411	13139
125413	13140
125415	13141
125418	13142
125420	13143
125422	13144
125425	13145
125427	13146
125432	13147
125434	13148
125443	13149
125446	13150
125449	13151
125452	13152
125456	13153
125461	13154
125462	13155
125465	13156
125469	13157
125476	13158
125478	13159
125482	13160
125488	13161
125492	13162
125496	13163
125501	13164
125511	13165
125517	13166
125521	13167
125526	13168
125531	13169
125534	13170
125536	13171
125540	13172
125544	13173
125545	13174
125552	13175
125554	13176
125561	13177
125564	13178
125567	13179
125571	13180
125574	13181
125578	13182
125582	13183
125589	13184
125592	13185
125594	13186
125596	13187
125599	13188
125606	13189
125609	13190
125616	13191
125623	13192
125627	13193
125631	13194
125634	13195
125637	13196
125640	13197
125642	13198
125650	13199
125657	13200
125662	13201
125663	13202
125665	13203
125668	13204
125669	13205
125672	13206
125675	13207
125683	13208
125685	13209
125687	13210
125692	13211
125695	13212
125700	13213
125704	13214
125706	13215
125708	13216
125711	13217
125714	13218
125717	13219
125727	13220
125730	13221
125731	13222
125734	13223
125740	13224
125743	13225
125754	13226
125758	13227
125762	13228
125765	13229
125766	13230
125768	13231
125774	13232
125776	13233
125778	13234
125782	13235
125783	13236
125784	13237
125787	13238
125790	13239
125793	13240
125797	13241
125802	13242
125805	13243
125808	13244
125809	13245
125817	13246
125822	13247
125827	13248
125830	13249
125835	13250
125844	13251
125846	13252
125847	13253
125849	13254
125851	13255
125857	13256
125859	13257
125862	13258
125866	13259
125871	13260
125874	13261
125877	13262
125881	13263
125885	13264
125889	13265
125892	13266
125895	13267
125900	13268
125905	13269
125907	13270
125909	13271
125914	13272
125918	13273
125922	13274
125925	13275
125927	13276
125929	13277
125932	13278
125935	13279
125942	13280
125945	13281
125948	13282
125950	13283
125951	13284
125957	13285
125959	13286
125966	13287
125971	13288
125974	13289
125978	13290
125983	13291
125986	13292
125993	13293
125996	13294
126001	13295
126009	13296
126011	13297
126012	13298
126014	13299
126019	13300
126022	13301
126025	13302
126027	13303
126034	13304
126037	13305
126038	13306
126040	13307
126042	13308
126045	13309
126047	13310
126051	13311
126054	13312
126056	13313
126058	13314
126063	13315
126064	13316
126068	13317
126071	13318
126076	13319
126080	13320
126081	13321
126089	13322
126094	13323
126097	13324
126102	13325
126105	13326
126112	13327
126117	13328
126120	13329
126122	13330
126126	13331
126129	13332
126134	13333
126138	13334
126145	13335
126147	13336
126152	13337
126161	13338
126164	13339
126180	13340
126185	13341
126187	13342
126191	13343
126194	13344
126199	13345
126201	13346
126204	13347
126207	13348
126209	13349
126212	13350
126213	13351
126215	13352
126219	13353
126222	13354
126227	13355
126229	13356
126231	13357
126236	13358
126240	13359
126243	13360
126247	13361
126251	13362
126254	13363
126255	13364
126256	13365
126258	13366
126261	13367
126265	13368
126268	13369
126271	13370
126274	13371
126280	13372
126287	13373
126290	13374
126299	13375
126301	13376
126306	13377
126311	13378
126316	13379
126319	13380
126323	13381
126328	13382
126337	13383
126340	13384
126343	13385
126346	13386
126354	13387
126357	13388
126361	13389
126366	13390
126372	13391
126374	13392
126378	13393
126382	13394
126386	13395
126388	13396
126393	13397
126397	13398
126402	13399
126403	13400
126406	13401
126409	13402
126415	13403
126418	13404
126422	13405
126425	13406
126431	13407
126434	13408
126436	13409
126439	13410
126441	13411
126444	13412
126448	13413
126450	13414
126453	13415
126458	13416
126460	13417
126476	13418
126482	13419
126485	13420
126491	13421
126501	13422
126505	13423
126507	13424
126515	13425
126521	13426
126524	13427
126525	13428
126535	13429
126538	13430
126540	13431
126545	13432
126549	13433
126553	13434
126558	13435
126561	13436
126564	13437
126571	13438
126574	13439
126581	13440
126582	13441
126591	13442
126597	13443
126601	13444
126608	13445
126612	13446
126623	13447
126626	13448
126634	13449
126638	13450
126644	13451
126646	13452
126648	13453
126650	13454
126651	13455
126652	13456
126658	13457
126661	13458
126664	13459
126671	13460
126674	13461
126680	13462
126681	13463
126682	13464
126684	13465
126686	13466
126690	13467
126698	13468
126711	13469
126714	13470
126718	13471
126721	13472
126725	13473
126731	13474
126733	13475
126737	13476
126746	13477
126749	13478
126752	13479
126758	13480
126766	13481
126769	13482
126771	13483
126777	13484
126779	13485
126783	13486
126788	13487
126789	13488
126791	13489
126793	13490
126795	13491
126798	13492
126808	13493
126813	13494
126817	13495
126818	13496
126822	13497
126830	13498
126834	13499
126835	13500
126839	13501
126848	13502
126851	13503
126858	13504
126866	13505
126867	13506
126871	13507
126874	13508
126879	13509
126880	13510
126884	13511
126885	13512
126891	13513
126895	13514
126907	13515
126912	13516
126916	13517
126920	13518
126925	13519
126926	13520
126931	13521
126938	13522
126941	13523
126946	13524
126947	13525
126948	13526
126952	13527
126954	13528
126960	13529
126968	13530
126969	13531
126972	13532
126978	13533
126980	13534
126992	13535
126994	13536
126996	13537
127000	13538
127003	13539
127005	13540
127010	13541
127012	13542
127015	13543
127016	13544
127024	13545
127027	13546
127034	13547
127040	13548
127043	13549
127046	13550
127050	13551
127051	13552
127054	13553
127056	13554
127060	13555
127063	13556
127067	13557
127070	13558
127075	13559
127080	13560
127085	13561
127087	13562
127089	13563
127094	13564
127096	13565
127099	13566
127101	13567
127105	13568
127109	13569
127113	13570
127118	13571
127123	13572
127127	13573
127132	13574
127134	13575
127138	13576
127143	13577
127146	13578
127149	13579
127150	13580
127154	13581
127164	13582
127167	13583
127172	13584
127173	13585
127176	13586
127183	13587
127184	13588
127191	13589
127193	13590
127198	13591
127201	13592
127207	13593
127209	13594
127213	13595
127214	13596
127217	13597
127221	13598
127224	13599
127232	13600
127235	13601
127240	13602
127242	13603
127249	13604
127253	13605
127256	13606
127258	13607
127260	13608
127261	13609
127262	13610
127267	13611
127270	13612
127272	13613
127274	13614
127279	13615
127285	13616
127288	13617
127292	13618
127294	13619
127297	13620
127303	13621
127312	13622
127314	13623
127319	13624
127321	13625
127325	13626
127326	13627
127329	13628
127331	13629
127333	13630
127338	13631
127343	13632
127351	13633
127357	13634
127366	13635
127368	13636
127370	13637
127371	13638
127375	13639
127376	13640
127379	13641
127383	13642
127387	13643
127389	13644
127391	13645
127393	13646
127396	13647
127398	13648
127402	13649
127404	13650
127406	13651
127417	13652
127421	13653
127423	13654
127427	13655
127449	13656
127458	13657
127478	13658
127484	13659
127486	13660
127488	13661
127491	13662
127496	13663
127498	13664
127506	13665
127508	13666
127514	13667
127518	13668
127525	13669
127527	13670
127530	13671
127535	13672
127537	13673
127540	13674
127549	13675
127553	13676
127556	13677
127561	13678
127570	13679
127573	13680
127576	13681
127581	13682
127584	13683
127588	13684
127593	13685
127596	13686
127601	13687
127605	13688
127611	13689
127619	13690
127623	13691
127628	13692
127636	13693
127639	13694
127641	13695
127645	13696
127649	13697
127652	13698
127656	13699
127659	13700
127666	13701
127674	13702
127678	13703
127681	13704
127684	13705
127689	13706
127692	13707
127697	13708
127707	13709
127710	13710
127714	13711
127715	13712
127717	13713
127722	13714
127726	13715
127733	13716
127735	13717
127737	13718
127740	13719
127741	13720
127744	13721
127746	13722
127751	13723
127755	13724
127757	13725
127758	13726
127761	13727
127763	13728
127767	13729
127771	13730
127775	13731
127776	13732
127779	13733
127782	13734
127787	13735
127788	13736
127792	13737
127794	13738
127798	13739
127801	13740
127806	13741
127808	13742
127814	13743
127816	13744
127818	13745
127820	13746
127822	13747
127824	13748
127828	13749
127831	13750
127835	13751
127838	13752
127841	13753
127846	13754
127850	13755
127854	13756
127864	13757
127872	13758
127877	13759
127880	13760
127885	13761
127889	13762
127892	13763
127893	13764
127904	13765
127906	13766
127909	13767
127913	13768
127918	13769
127922	13770
127924	13771
127931	13772
127934	13773
127940	13774
127943	13775
127946	13776
127956	13777
127961	13778
127967	13779
127971	13780
127973	13781
127978	13782
127990	13783
127999	13784
128001	13785
128008	13786
128015	13787
128019	13788
128029	13789
128032	13790
128036	13791
128046	13792
128053	13793
128060	13794
128064	13795
128078	13796
128082	13797
128083	13798
128089	13799
128091	13800
128093	13801
128097	13802
128100	13803
128108	13804
128111	13805
128118	13806
128121	13807
128123	13808
128127	13809
128137	13810
128141	13811
128142	13812
128144	13813
128152	13814
128153	13815
128164	13816
128166	13817
128171	13818
128178	13819
128182	13820
128188	13821
128194	13822
128211	13823
128212	13824
128215	13825
128229	13826
128232	13827
128238	13828
128245	13829
128256	13830
128261	13831
128263	13832
128271	13833
128277	13834
128282	13835
128286	13836
128289	13837
128295	13838
128297	13839
128300	13840
128301	13841
128302	13842
128304	13843
128309	13844
128310	13845
128315	13846
128320	13847
128323	13848
128324	13849
128328	13850
128333	13851
128334	13852
128337	13853
128344	13854
128349	13855
128352	13856
128353	13857
128355	13858
128358	13859
128359	13860
128366	13861
128370	13862
128374	13863
128376	13864
128379	13865
128381	13866
128383	13867
128386	13868
128387	13869
128388	13870
128389	13871
128394	13872
128397	13873
128401	13874
128402	13875
128406	13876
128407	13877
128411	13878
128417	13879
128420	13880
128423	13881
128426	13882
128430	13883
128438	13884
128444	13885
128452	13886
128455	13887
128460	13888
128468	13889
128471	13890
128475	13891
128477	13892
128479	13893
128484	13894
128488	13895
128491	13896
128495	13897
128504	13898
128506	13899
128510	13900
128514	13901
128518	13902
128522	13903
128524	13904
128528	13905
128531	13906
128535	13907
128540	13908
128546	13909
128548	13910
128552	13911
128556	13912
128565	13913
128566	13914
128570	13915
128575	13916
128576	13917
128585	13918
128586	13919
128589	13920
128591	13921
128597	13922
128600	13923
128607	13924
128611	13925
128614	13926
128616	13927
128621	13928
128624	13929
128627	13930
128632	13931
128637	13932
128645	13933
128647	13934
128652	13935
128655	13936
128664	13937
128670	13938
128681	13939
128690	13940
128693	13941
128697	13942
128701	13943
128702	13944
128704	13945
128707	13946
128709	13947
128712	13948
128715	13949
128718	13950
128723	13951
128728	13952
128738	13953
128744	13954
128748	13955
128751	13956
128754	13957
128756	13958
128761	13959
128765	13960
128771	13961
128773	13962
128777	13963
128778	13964
128781	13965
128785	13966
128788	13967
128789	13968
128793	13969
128795	13970
128798	13971
128803	13972
128809	13973
128812	13974
128817	13975
128819	13976
128828	13977
128838	13978
128841	13979
128844	13980
128853	13981
128854	13982
128866	13983
128868	13984
128871	13985
128877	13986
128883	13987
128888	13988
128890	13989
128892	13990
128894	13991
128899	13992
128902	13993
128907	13994
128912	13995
128915	13996
128916	13997
128919	13998
128931	13999
128934	14000
128937	14001
128940	14002
128942	14003
128944	14004
128948	14005
128951	14006
128953	14007
128959	14008
128964	14009
128966	14010
128969	14011
128973	14012
128976	14013
128979	14014
128984	14015
128987	14016
128991	14017
128994	14018
128998	14019
129001	14020
129003	14021
129004	14022
129010	14023
129013	14024
129014	14025
129020	14026
129022	14027
129042	14028
129046	14029
129053	14030
129054	14031
129059	14032
129063	14033
129065	14034
129069	14035
129073	14036
129075	14037
129076	14038
129078	14039
129084	14040
129085	14041
129091	14042
129094	14043
129095	14044
129098	14045
129102	14046
129105	14047
129107	14048
129110	14049
129116	14050
129122	14051
129124	14052
129129	14053
129134	14054
129137	14055
129146	14056
129147	14057
129153	14058
129155	14059
129161	14060
129165	14061
129168	14062
129171	14063
129184	14064
129189	14065
129193	14066
129194	14067
129196	14068
129200	14069
129203	14070
129211	14071
129213	14072
129215	14073
129217	14074
129221	14075
129223	14076
129225	14077
129228	14078
129232	14079
129237	14080
129244	14081
129247	14082
129254	14083
129256	14084
129259	14085
129262	14086
129268	14087
129272	14088
129280	14089
129285	14090
129286	14091
129290	14092
129295	14093
129298	14094
129301	14095
129304	14096
129305	14097
129309	14098
129312	14099
129315	14100
129319	14101
129321	14102
129327	14103
129328	14104
129339	14105
129342	14106
129345	14107
129347	14108
129354	14109
129361	14110
129362	14111
129367	14112
129370	14113
129376	14114
129378	14115
129380	14116
129383	14117
129385	14118
129392	14119
129396	14120
129402	14121
129404	14122
129409	14123
129414	14124
129416	14125
129419	14126
129424	14127
129427	14128
129434	14129
129437	14130
129439	14131
129445	14132
129447	14133
129450	14134
129452	14135
129456	14136
129460	14137
129467	14138
129470	14139
129476	14140
129479	14141
129482	14142
129485	14143
129486	14144
129490	14145
129494	14146
129498	14147
129501	14148
129507	14149
129511	14150
129516	14151
129518	14152
129522	14153
129524	14154
129528	14155
129532	14156
129537	14157
129544	14158
129547	14159
129554	14160
129558	14161
129563	14162
129566	14163
129571	14164
129573	14165
129581	14166
129587	14167
129590	14168
129593	14169
129596	14170
129603	14171
129607	14172
129611	14173
129614	14174
129616	14175
129620	14176
129628	14177
129629	14178
129632	14179
129636	14180
129640	14181
129642	14182
129645	14183
129647	14184
129649	14185
129652	14186
129654	14187
129657	14188
129659	14189
129670	14190
129679	14191
129683	14192
129684	14193
129690	14194
129693	14195
129696	14196
129697	14197
129701	14198
129710	14199
129712	14200
129716	14201
129717	14202
129719	14203
129725	14204
129730	14205
129733	14206
129738	14207
129744	14208
129747	14209
129750	14210
129758	14211
129763	14212
129770	14213
129775	14214
129777	14215
129778	14216
129780	14217
129783	14218
129786	14219
129788	14220
129791	14221
129795	14222
129798	14223
129800	14224
129802	14225
129804	14226
129806	14227
129807	14228
129810	14229
129813	14230
129815	14231
129818	14232
129822	14233
129826	14234
129834	14235
129838	14236
129842	14237
129845	14238
129847	14239
129850	14240
129854	14241
129857	14242
129860	14243
129864	14244
129868	14245
129875	14246
129879	14247
129881	14248
129889	14249
129891	14250
129896	14251
129903	14252
129905	14253
129906	14254
129909	14255
129911	14256
129913	14257
129915	14258
129919	14259
129922	14260
129925	14261
129926	14262
129931	14263
129934	14264
129940	14265
129948	14266
129954	14267
129956	14268
129960	14269
129964	14270
129967	14271
129969	14272
129974	14273
129980	14274
129983	14275
129984	14276
129996	14277
130008	14278
130010	14279
130014	14280
130019	14281
130024	14282
130027	14283
130029	14284
130035	14285
130037	14286
130040	14287
130041	14288
130044	14289
130046	14290
130050	14291
130052	14292
130057	14293
130058	14294
130061	14295
130065	14296
130069	14297
130071	14298
130073	14299
130076	14300
130079	14301
130085	14302
130088	14303
130092	14304
130096	14305
130105	14306
130108	14307
130113	14308
130116	14309
130121	14310
130123	14311
130126	14312
130128	14313
130131	14314
130135	14315
130138	14316
130140	14317
130147	14318
130149	14319
130152	14320
130156	14321
130158	14322
130163	14323
130165	14324
130168	14325
130175	14326
130179	14327
130183	14328
130188	14329
130190	14330
130194	14331
130196	14332
130198	14333
130200	14334
130202	14335
130211	14336
130214	14337
130222	14338
130225	14339
130228	14340
130232	14341
130236	14342
130238	14343
130242	14344
130246	14345
130254	14346
130259	14347
130262	14348
130264	14349
130269	14350
130274	14351
130275	14352
130281	14353
130293	14354
130296	14355
130298	14356
130302	14357
130305	14358
130306	14359
130310	14360
130312	14361
130315	14362
130317	14363
130319	14364
130323	14365
130326	14366
130329	14367
130332	14368
130333	14369
130338	14370
130342	14371
130350	14372
130353	14373
130355	14374
130356	14375
130359	14376
130362	14377
130373	14378
130377	14379
130381	14380
130385	14381
130388	14382
130398	14383
130401	14384
130404	14385
130409	14386
130412	14387
130419	14388
130422	14389
130425	14390
130427	14391
130430	14392
130431	14393
130436	14394
130441	14395
130444	14396
130447	14397
130449	14398
130452	14399
130456	14400
130458	14401
130462	14402
130463	14403
130466	14404
130468	14405
130471	14406
130474	14407
130477	14408
130478	14409
130484	14410
130489	14411
130495	14412
130499	14413
130502	14414
130507	14415
130516	14416
130519	14417
130525	14418
130530	14419
130535	14420
130538	14421
130539	14422
130544	14423
130550	14424
130557	14425
130567	14426
130572	14427
130579	14428
130584	14429
130585	14430
130591	14431
130593	14432
130598	14433
130618	14434
130620	14435
130626	14436
130629	14437
130630	14438
130632	14439
130633	14440
130635	14441
130638	14442
130640	14443
130643	14444
130646	14445
130648	14446
130656	14447
130659	14448
130662	14449
130665	14450
130669	14451
130671	14452
130677	14453
130680	14454
130682	14455
130685	14456
130690	14457
130692	14458
130697	14459
130702	14460
130704	14461
130710	14462
130713	14463
130715	14464
130717	14465
130719	14466
130724	14467
130726	14468
130732	14469
130735	14470
130739	14471
130744	14472
130750	14473
130753	14474
130754	14475
130757	14476
130760	14477
130762	14478
130766	14479
130767	14480
130772	14481
130775	14482
130781	14483
130782	14484
130788	14485
130791	14486
130799	14487
130804	14488
130808	14489
130813	14490
130817	14491
130822	14492
130826	14493
130830	14494
130837	14495
130846	14496
130856	14497
130860	14498
130866	14499
130869	14500
130873	14501
130876	14502
130882	14503
130885	14504
130887	14505
130889	14506
130890	14507
130894	14508
130897	14509
130899	14510
130903	14511
130916	14512
130920	14513
130923	14514
130925	14515
130927	14516
130930	14517
130932	14518
130935	14519
130943	14520
130950	14521
130951	14522
130954	14523
130955	14524
130964	14525
130968	14526
130976	14527
130980	14528
130981	14529
130984	14530
130985	14531
130986	14532
130988	14533
130992	14534
130996	14535
130997	14536
130998	14537
131000	14538
131008	14539
131013	14540
131018	14541
131026	14542
131032	14543
131034	14544
131037	14545
131041	14546
131044	14547
131053	14548
131056	14549
131059	14550
131060	14551
131061	14552
131066	14553
131068	14554
